PLAYER_ID,PLAYER_NAME,Pos,Age,GP,MIN,FG_PCT,FG3_PCT,FT_PCT,OREB,DREB,AST,TOV,STL,BLK,PTS,PLUS_MINUS,WS/48,BPM,VORP,PER,SALARY
1630639,A.J. Lawson,SG,0.2,0.494,0.187,0.597,0.26,0.652,0.065,0.089,0.046,0.068,0.095,0.028,0.092,0.62,0.497,0.336,0.122,0.412,1000000
1631100,AJ Griffin,SF,0.05,0.229,0.217,0.388,0.256,1.0,0.022,0.079,0.028,0.091,0.048,0.028,0.069,0.481,0.372,0.266,0.114,0.28,3712920
203932,Aaron Gordon,PF,0.45,0.867,0.832,0.744,0.29,0.658,0.522,0.406,0.321,0.318,0.381,0.167,0.401,0.87,0.586,0.417,0.293,0.487,22266182
1628988,Aaron Holiday,PG,0.4,0.928,0.425,0.597,0.387,0.921,0.065,0.129,0.165,0.159,0.238,0.028,0.19,0.653,0.543,0.379,0.154,0.416,2019706
1630174,Aaron Nesmith,SF,0.25,0.855,0.73,0.664,0.419,0.781,0.196,0.287,0.138,0.205,0.429,0.194,0.352,0.704,0.546,0.393,0.203,0.434,5634257
1630598,Aaron Wiggins,SG,0.3,0.928,0.409,0.752,0.492,0.789,0.174,0.158,0.101,0.159,0.333,0.056,0.199,0.657,0.583,0.409,0.203,0.471,1836096
1641745,Adam Flagler,SG,0.25,0.012,0.176,0.191,0.167,0.0,0.0,0.0,0.183,0.0,0.0,0.0,0.043,0.602,0.341,0.252,0.138,0.272,
1641766,Adama Sanogo,PF,0.1,0.096,0.184,0.695,0.0,0.667,0.457,0.188,0.0,0.136,0.048,0.0,0.115,0.778,0.574,0.307,0.13,0.554,
1629678,Admiral Schofield,PF,0.35,0.265,0.088,0.515,0.375,0.0,0.022,0.059,0.028,0.045,0.0,0.0,0.032,0.574,0.473,0.331,0.13,0.344,
201143,Al Horford,C,0.9,0.771,0.706,0.684,0.419,0.867,0.283,0.505,0.239,0.159,0.286,0.278,0.248,0.903,0.606,0.449,0.341,0.463,10000000
202692,Alec Burks,SG,0.65,0.783,0.481,0.494,0.376,0.868,0.087,0.188,0.119,0.159,0.19,0.056,0.3,0.421,0.511,0.368,0.13,0.435,10489600
1630197,Aleksej Pokusevski,PF,0.15,0.325,0.377,0.542,0.327,0.732,0.13,0.257,0.119,0.159,0.238,0.139,0.15,0.481,0.508,0.373,0.138,0.432,5574809
1627936,Alex Caruso,SG,0.5,0.843,0.757,0.627,0.408,0.76,0.196,0.297,0.321,0.318,0.81,0.278,0.291,0.606,0.56,0.434,0.325,0.456,9460000
1641788,Alex Fudge,SF,0.05,0.06,0.168,0.535,0.2,1.0,0.152,0.02,0.0,0.068,0.238,0.0,0.072,0.301,0.462,0.327,0.138,0.394,
203458,Alex Len,C,0.55,0.566,0.238,0.826,0.0,0.588,0.217,0.168,0.092,0.136,0.095,0.194,0.072,0.741,0.578,0.402,0.154,0.459,2019706
1631214,Alondes Williams,SG,0.25,0.072,0.048,0.335,0.0,1.0,0.0,0.01,0.0,0.068,0.0,0.028,0.02,0.468,0.182,0.078,0.13,0.159,
1630578,Alperen Sengun,C,0.1,0.747,0.858,0.719,0.297,0.693,0.63,0.634,0.459,0.591,0.571,0.194,0.608,0.639,0.598,0.467,0.423,0.556,3536280
1641735,Amari Bailey,PG,0.0,0.108,0.163,0.446,0.125,0.857,0.13,0.03,0.064,0.091,0.143,0.0,0.066,0.625,0.433,0.284,0.13,0.393,
1641708,Amen Thompson,SF,0.1,0.735,0.588,0.718,0.138,0.684,0.522,0.416,0.239,0.341,0.619,0.167,0.274,0.634,0.587,0.424,0.244,0.505,8809320
1629599,Amir Coffey,SF,0.35,0.831,0.548,0.632,0.38,0.859,0.087,0.168,0.101,0.114,0.286,0.056,0.19,0.542,0.535,0.369,0.13,0.397,3666667
203083,Andre Drummond,C,0.55,0.94,0.447,0.744,0.0,0.592,0.739,0.554,0.046,0.227,0.429,0.167,0.242,0.616,0.608,0.401,0.195,0.569,3360000
1641748,Andre Jackson Jr.,SG,0.15,0.675,0.257,0.669,0.37,0.727,0.174,0.119,0.083,0.114,0.143,0.028,0.063,0.528,0.533,0.35,0.122,0.377,1119563
1641847,Andrew Funk,SG,0.25,0.048,0.061,0.0,0.0,0.0,0.0,0.0,0.0,0.0,0.095,0.056,0.0,0.639,0.266,0.2,0.138,0.198,
1629614,Andrew Nembhard,PG,0.25,0.807,0.658,0.667,0.357,0.804,0.109,0.149,0.376,0.341,0.429,0.028,0.265,0.648,0.514,0.369,0.13,0.414,2131905
203952,Andrew Wiggins,SF,0.45,0.843,0.711,0.606,0.358,0.751,0.326,0.297,0.156,0.273,0.286,0.167,0.38,0.565,0.524,0.365,0.114,0.432,24330357
1629014,Anfernee Simons,SG,0.25,0.542,0.909,0.576,0.385,0.916,0.109,0.317,0.505,0.614,0.238,0.028,0.651,0.269,0.522,0.402,0.203,0.475,24107143
1641710,Anthony Black,PG,0.05,0.819,0.441,0.624,0.394,0.613,0.109,0.149,0.119,0.182,0.238,0.083,0.133,0.579,0.522,0.358,0.114,0.375,7245480
203076,Anthony Davis,C,0.55,0.904,0.939,0.744,0.271,0.816,0.674,0.941,0.321,0.477,0.571,0.639,0.712,0.694,0.636,0.47,0.537,0.606,40600080
1630162,Anthony Edwards,SG,0.15,0.94,0.928,0.617,0.357,0.836,0.152,0.475,0.468,0.705,0.619,0.139,0.746,0.856,0.572,0.445,0.439,0.525,13534817
1630264,Anthony Gill,PF,0.6,0.59,0.238,0.628,0.244,0.806,0.152,0.109,0.064,0.114,0.143,0.056,0.11,0.606,0.498,0.343,0.114,0.424,1997238
1629717,Armoni Brooks,PG,0.3,0.108,0.267,0.436,0.344,0.5,0.152,0.109,0.046,0.068,0.048,0.028,0.121,0.731,0.454,0.319,0.13,0.374,
1630204,Ashton Hagans,PG,0.25,0.217,0.433,0.546,0.32,0.824,0.152,0.158,0.257,0.364,0.286,0.139,0.121,0.593,0.473,0.351,0.13,0.377,103550
1641709,Ausar Thompson,SF,0.1,0.747,0.66,0.647,0.186,0.597,0.435,0.426,0.174,0.295,0.524,0.25,0.254,0.431,0.51,0.369,0.13,0.434,7977480
1630559,Austin Reaves,SG,0.3,0.976,0.848,0.651,0.367,0.853,0.152,0.356,0.505,0.477,0.381,0.083,0.458,0.579,0.554,0.405,0.268,0.469,12015150
1630245,Ayo Dosunmu,SG,0.25,0.904,0.767,0.671,0.403,0.81,0.152,0.208,0.294,0.318,0.429,0.139,0.352,0.505,0.539,0.388,0.195,0.442,6481482
1628389,Bam Adebayo,C,0.35,0.843,0.898,0.697,0.357,0.755,0.478,0.802,0.358,0.523,0.524,0.25,0.556,0.634,0.583,0.433,0.358,0.527,32600060
1641767,Ben Sheppard,SG,0.15,0.675,0.372,0.526,0.314,0.885,0.065,0.129,0.083,0.068,0.286,0.0,0.127,0.657,0.505,0.352,0.114,0.371,2537160
1627732,Ben Simmons,PG,0.4,0.169,0.628,0.778,0.0,0.4,0.457,0.584,0.523,0.409,0.381,0.167,0.176,0.486,0.574,0.433,0.171,0.48,37893408
1631097,Bennedict Mathurin,SF,0.1,0.699,0.687,0.597,0.374,0.821,0.217,0.287,0.183,0.364,0.286,0.056,0.418,0.528,0.504,0.352,0.089,0.436,6916080
1641731,Bilal Coulibaly,SF,0.0,0.747,0.717,0.582,0.346,0.702,0.196,0.317,0.156,0.318,0.429,0.222,0.242,0.292,0.478,0.341,0.065,0.382,6614280
202687,Bismack Biyombo,C,0.6,0.47,0.519,0.756,0.0,0.481,0.348,0.366,0.119,0.25,0.143,0.25,0.127,0.528,0.521,0.352,0.114,0.395,5754488
1631104,Blake Wesley,SG,0.05,0.723,0.374,0.635,0.218,0.667,0.065,0.119,0.248,0.205,0.238,0.028,0.127,0.491,0.508,0.344,0.106,0.398,2504640
1626246,Boban Marjanovic,C,0.8,0.157,0.126,0.708,0.0,0.643,0.109,0.178,0.037,0.091,0.048,0.028,0.092,0.537,0.57,0.395,0.138,0.544,2019706
1626171,Bobby Portis,PF,0.45,0.976,0.644,0.68,0.407,0.79,0.37,0.564,0.119,0.25,0.381,0.111,0.398,0.597,0.558,0.388,0.187,0.496,11710818
203992,Bogdan Bogdanovic,SG,0.6,0.94,0.802,0.573,0.374,0.921,0.152,0.277,0.284,0.318,0.571,0.083,0.487,0.676,0.531,0.402,0.252,0.459,18700000
202711,Bojan Bogdanovic,SF,0.75,0.675,0.682,0.608,0.398,0.785,0.087,0.228,0.156,0.409,0.238,0.028,0.438,0.319,0.495,0.355,0.106,0.431,20000000
1629626,Bol Bol,PF,0.25,0.506,0.281,0.825,0.423,0.789,0.152,0.238,0.037,0.091,0.095,0.167,0.15,0.616,0.602,0.429,0.179,0.512,2019706
1630538,Bones Hyland,PG,0.2,0.434,0.38,0.517,0.326,0.783,0.022,0.139,0.229,0.273,0.333,0.028,0.199,0.519,0.47,0.35,0.122,0.407,2306400
203078,Bradley Beal,SG,0.55,0.627,0.88,0.687,0.43,0.813,0.217,0.337,0.459,0.568,0.476,0.139,0.524,0.694,0.554,0.405,0.228,0.48,46741590
1641764,Brandin Podziemski,SG,0.05,0.88,0.701,0.608,0.385,0.633,0.348,0.416,0.339,0.273,0.381,0.056,0.265,0.769,0.548,0.398,0.211,0.436,3352440
1630527,Brandon Boston Jr.,SF,0.15,0.373,0.278,0.541,0.269,0.697,0.13,0.099,0.037,0.182,0.143,0.083,0.15,0.44,0.436,0.275,0.089,0.379,1836096
1629634,Brandon Clarke,PF,0.4,0.06,0.588,0.748,0.167,0.143,0.478,0.317,0.138,0.114,0.381,0.278,0.326,0.542,0.554,0.413,0.146,0.515,12500000
1627742,Brandon Ingram,SF,0.35,0.759,0.869,0.659,0.355,0.801,0.152,0.436,0.523,0.568,0.381,0.167,0.599,0.727,0.562,0.416,0.276,0.505,33833400
1641706,Brandon Miller,SF,0.1,0.88,0.85,0.589,0.373,0.827,0.174,0.337,0.22,0.409,0.429,0.167,0.499,0.282,0.48,0.363,0.114,0.436,10880400
1630314,Brandon Williams,PG,0.25,0.193,0.166,0.495,0.2,0.647,0.043,0.05,0.092,0.091,0.048,0.028,0.092,0.444,0.433,0.323,0.13,0.387,
1630296,Braxton Key,SF,0.35,0.229,0.07,0.552,0.4,0.75,0.043,0.079,0.046,0.023,0.048,0.028,0.032,0.574,0.612,0.429,0.146,0.483,
1641729,Brice Sensabaugh,SF,0.05,0.373,0.479,0.522,0.296,0.902,0.109,0.267,0.156,0.341,0.19,0.056,0.216,0.352,0.449,0.323,0.098,0.378,2448600
201572,Brook Lopez,C,0.8,0.94,0.805,0.649,0.366,0.821,0.326,0.366,0.147,0.227,0.238,0.667,0.36,0.764,0.562,0.413,0.285,0.46,25000000
1628971,Bruce Brown,PG,0.4,0.795,0.733,0.64,0.323,0.824,0.174,0.337,0.266,0.295,0.429,0.083,0.311,0.444,0.514,0.354,0.089,0.418,22000000
1628981,Bruno Fernando,C,0.3,0.53,0.396,0.78,0.0,0.667,0.283,0.297,0.092,0.227,0.286,0.167,0.182,0.505,0.55,0.368,0.13,0.466,2581522
1631121,Bryce McGowens,SG,0.1,0.699,0.388,0.588,0.333,0.776,0.065,0.139,0.083,0.114,0.19,0.056,0.147,0.421,0.495,0.331,0.089,0.387,1719864
1631205,Buddy Boeheim,SF,0.25,0.108,0.214,0.415,0.32,0.8,0.065,0.069,0.028,0.0,0.0,0.028,0.098,0.699,0.506,0.351,0.138,0.385,
1627741,Buddy Hield,SF,0.6,1.0,0.676,0.584,0.386,0.881,0.152,0.248,0.257,0.273,0.381,0.139,0.349,0.639,0.53,0.405,0.244,0.44,19845098
203468,CJ McCollum,PG,0.65,0.783,0.864,0.614,0.429,0.827,0.13,0.366,0.422,0.386,0.429,0.167,0.576,0.741,0.574,0.442,0.366,0.501,35802469
1630595,Cade Cunningham,PG,0.15,0.735,0.885,0.601,0.355,0.869,0.109,0.376,0.688,0.773,0.429,0.111,0.654,0.343,0.501,0.404,0.236,0.491,11055360
1631216,Caleb Houstan,SF,0.1,0.699,0.358,0.519,0.373,0.808,0.109,0.089,0.046,0.068,0.143,0.028,0.124,0.579,0.539,0.373,0.138,0.374,2000000
1628997,Caleb Martin,SF,0.45,0.759,0.722,0.577,0.349,0.778,0.261,0.317,0.202,0.273,0.333,0.139,0.288,0.648,0.521,0.372,0.138,0.407,6802950
1629629,Cam Reddish,SF,0.25,0.566,0.537,0.521,0.336,0.759,0.13,0.149,0.092,0.136,0.476,0.083,0.156,0.556,0.492,0.355,0.114,0.366,2165000
1630560,Cam Thomas,SG,0.15,0.783,0.829,0.592,0.364,0.856,0.087,0.277,0.266,0.432,0.333,0.056,0.648,0.463,0.514,0.383,0.171,0.477,2240160
1641715,Cam Whitmore,SF,0.0,0.554,0.489,0.608,0.359,0.679,0.196,0.287,0.064,0.227,0.286,0.111,0.354,0.574,0.534,0.401,0.179,0.484,3218160
1629661,Cameron Johnson,PF,0.4,0.687,0.727,0.597,0.391,0.789,0.196,0.337,0.22,0.227,0.381,0.083,0.386,0.542,0.548,0.405,0.22,0.456,25679348
1626166,Cameron Payne,PG,0.5,0.928,0.436,0.578,0.39,0.866,0.065,0.119,0.239,0.182,0.238,0.028,0.213,0.597,0.539,0.384,0.163,0.434,8519706
1627747,Caris LeVert,SG,0.5,0.807,0.759,0.564,0.325,0.766,0.13,0.347,0.468,0.386,0.524,0.139,0.403,0.685,0.538,0.402,0.228,0.458,15384616
1641717,Cason Wallace,SG,0.05,0.976,0.54,0.657,0.419,0.784,0.13,0.158,0.138,0.114,0.429,0.139,0.196,0.671,0.56,0.401,0.211,0.423,5291400
1626224,Cedi Osman,SF,0.45,0.855,0.46,0.641,0.389,0.673,0.065,0.218,0.156,0.159,0.238,0.056,0.196,0.375,0.525,0.37,0.138,0.412,6718842
1629646,Charles Bassey,C,0.2,0.217,0.278,0.971,0.0,0.833,0.261,0.277,0.101,0.182,0.19,0.25,0.095,0.491,0.594,0.417,0.154,0.499,2600000
1629718,Charlie Brown Jr.,SG,0.35,0.084,0.115,0.268,0.286,0.0,0.022,0.01,0.0,0.068,0.0,0.083,0.023,0.565,0.369,0.211,0.13,0.221,
1631096,Chet Holmgren,C,0.1,0.976,0.775,0.71,0.37,0.793,0.348,0.624,0.22,0.364,0.286,0.639,0.476,0.843,0.61,0.447,0.407,0.534,10386000
1629002,Chimezie Metu,C,0.35,0.602,0.439,0.675,0.298,0.906,0.174,0.297,0.083,0.227,0.381,0.083,0.187,0.505,0.536,0.381,0.154,0.44,2351562
1628449,Chris Boucher,PF,0.6,0.59,0.366,0.679,0.33,0.772,0.261,0.287,0.046,0.136,0.143,0.139,0.184,0.63,0.563,0.376,0.146,0.476,11750000
1630537,Chris Duarte,SF,0.35,0.699,0.316,0.51,0.346,0.788,0.087,0.139,0.064,0.091,0.238,0.028,0.112,0.551,0.506,0.352,0.122,0.375,4124400
1641753,Chris Livingston,SF,0.05,0.241,0.104,0.669,0.2,0.75,0.022,0.089,0.018,0.045,0.048,0.0,0.035,0.542,0.49,0.288,0.13,0.355,1119563
101108,Chris Paul,PG,0.95,0.687,0.695,0.59,0.371,0.827,0.065,0.356,0.624,0.295,0.571,0.028,0.265,0.69,0.577,0.413,0.236,0.459,30800000
1631128,Christian Braun,SG,0.15,0.976,0.529,0.616,0.384,0.694,0.217,0.277,0.147,0.159,0.238,0.111,0.21,0.593,0.548,0.373,0.138,0.424,2949120
1626174,Christian Wood,PF,0.45,0.59,0.455,0.624,0.307,0.702,0.174,0.426,0.092,0.227,0.143,0.194,0.199,0.606,0.519,0.361,0.122,0.427,2709849
1629643,Chuma Okeke,SF,0.3,0.554,0.235,0.478,0.28,0.571,0.087,0.129,0.037,0.068,0.095,0.028,0.066,0.532,0.491,0.352,0.122,0.355,5266713
203991,Clint Capela,C,0.5,0.867,0.679,0.764,0.0,0.631,1.0,0.594,0.11,0.227,0.286,0.417,0.331,0.593,0.597,0.401,0.22,0.538,20616000
1629632,Coby White,PG,0.2,0.94,0.965,0.598,0.376,0.838,0.13,0.396,0.468,0.477,0.333,0.056,0.55,0.583,0.53,0.39,0.211,0.456,11111111
1628998,Cody Martin,SF,0.45,0.325,0.709,0.51,0.314,0.606,0.152,0.317,0.339,0.364,0.524,0.167,0.216,0.343,0.458,0.351,0.114,0.386,7560000
203469,Cody Zeller,C,0.6,0.506,0.187,0.561,0.333,0.605,0.239,0.149,0.083,0.091,0.095,0.028,0.052,0.653,0.567,0.363,0.138,0.434,2019706
1641732,Colby Jones,SG,0.1,0.349,0.16,0.527,0.091,0.545,0.13,0.079,0.064,0.068,0.095,0.056,0.061,0.616,0.474,0.33,0.13,0.382,2019706
1630175,Cole Anthony,PG,0.2,0.964,0.588,0.582,0.338,0.826,0.174,0.297,0.266,0.364,0.381,0.139,0.334,0.667,0.545,0.401,0.22,0.458,5539771
1631306,Cole Swider,SF,0.25,0.205,0.118,0.529,0.333,1.0,0.022,0.03,0.028,0.091,0.048,0.028,0.066,0.551,0.428,0.337,0.13,0.358,
1630658,Colin Castleton,C,0.2,0.181,0.088,0.754,0.0,1.0,0.087,0.04,0.018,0.045,0.048,0.0,0.043,0.472,0.57,0.327,0.138,0.436,
1631221,Collin Gillespie,PG,0.25,0.277,0.241,0.621,0.395,0.667,0.0,0.079,0.101,0.136,0.238,0.0,0.104,0.63,0.529,0.362,0.138,0.41,
1629012,Collin Sexton,SG,0.3,0.928,0.701,0.652,0.394,0.859,0.196,0.168,0.45,0.477,0.381,0.056,0.539,0.519,0.57,0.426,0.301,0.528,17325000
1630557,Corey Kispert,SF,0.25,0.952,0.679,0.651,0.383,0.726,0.087,0.238,0.183,0.273,0.238,0.056,0.386,0.343,0.506,0.37,0.13,0.434,3722040
202709,Cory Joseph,PG,0.65,0.301,0.294,0.481,0.31,0.571,0.043,0.089,0.147,0.114,0.095,0.028,0.069,0.579,0.495,0.334,0.122,0.346,2019706
1641854,Craig Porter Jr.,PG,0.2,0.602,0.329,0.681,0.353,0.732,0.087,0.168,0.211,0.205,0.19,0.083,0.161,0.579,0.554,0.406,0.171,0.468,1500000
1626156,D'Angelo Russell,PG,0.4,0.904,0.864,0.61,0.415,0.828,0.087,0.267,0.578,0.477,0.429,0.139,0.519,0.713,0.547,0.412,0.285,0.476,17307693
1641793,D'Moi Hodge,SG,0.3,0.072,0.147,0.446,0.25,0.5,0.0,0.0,0.064,0.023,0.048,0.028,0.058,0.37,0.453,0.312,0.138,0.345,
1630618,D.J. Carton,SG,0.2,0.036,0.227,0.502,0.25,0.8,0.109,0.05,0.073,0.068,0.143,0.0,0.081,0.241,0.518,0.326,0.138,0.391,
1628391,D.J. Wilson,PF,0.4,0.012,0.195,0.893,1.0,0.0,0.109,0.05,0.092,0.0,0.0,0.278,0.144,0.648,0.752,0.71,0.146,0.683,
1629610,DaQuan Jeffries,SG,0.35,0.193,0.061,0.473,0.2,0.0,0.0,0.03,0.028,0.045,0.0,0.028,0.023,0.574,0.398,0.287,0.13,0.305,1324828
1630227,Daishen Nix,PG,0.1,0.169,0.078,0.502,0.353,0.5,0.022,0.01,0.037,0.068,0.143,0.0,0.052,0.69,0.479,0.38,0.138,0.427,
1630625,Dalano Banton,PG,0.25,0.639,0.508,0.541,0.296,0.783,0.174,0.248,0.22,0.318,0.286,0.111,0.297,0.412,0.487,0.381,0.154,0.44,2019706
1631207,Dalen Terry,SG,0.1,0.699,0.297,0.588,0.23,0.581,0.109,0.139,0.128,0.114,0.238,0.083,0.089,0.63,0.516,0.368,0.138,0.399,3350760
1627745,Damian Jones,C,0.45,0.458,0.174,0.799,0.214,0.857,0.109,0.109,0.037,0.068,0.095,0.083,0.078,0.495,0.588,0.393,0.146,0.473,2586665
203081,Damian Lillard,PG,0.7,0.867,0.933,0.568,0.354,0.92,0.109,0.386,0.642,0.591,0.476,0.056,0.7,0.847,0.582,0.429,0.358,0.524,45640084
1629655,Daniel Gafford,C,0.3,0.88,0.644,0.971,0.0,0.674,0.565,0.495,0.147,0.227,0.429,0.583,0.317,0.537,0.632,0.436,0.309,0.552,12402000
1628464,Daniel Theis,C,0.6,0.711,0.441,0.712,0.366,0.76,0.304,0.267,0.092,0.159,0.19,0.25,0.182,0.648,0.563,0.377,0.146,0.455,8670002
201568,Danilo Gallinari,PF,0.8,0.578,0.332,0.585,0.323,0.857,0.087,0.178,0.101,0.114,0.143,0.028,0.164,0.509,0.546,0.373,0.138,0.442,7464578
201980,Danny Green,SG,0.85,0.012,0.235,0.0,0.0,0.0,0.0,0.099,0.046,0.0,0.238,0.0,0.0,0.602,0.44,0.308,0.138,0.273,200000
203957,Dante Exum,PG,0.45,0.651,0.519,0.714,0.491,0.779,0.109,0.228,0.266,0.205,0.19,0.028,0.225,0.801,0.57,0.391,0.171,0.446,3000000
1627863,Danuel House Jr.,SF,0.55,0.398,0.39,0.6,0.3,0.761,0.109,0.119,0.073,0.136,0.19,0.028,0.121,0.63,0.521,0.344,0.114,0.377,4310250
1641727,Dariq Whitehead,SF,0.0,0.012,0.31,0.268,0.0,0.5,0.0,0.198,0.138,0.0,0.0,0.139,0.043,0.093,0.444,0.29,0.138,0.329,2966040
1629647,Darius Bazley,PF,0.2,0.096,0.441,0.803,0.25,0.833,0.196,0.218,0.073,0.205,0.333,0.222,0.153,0.431,0.535,0.394,0.146,0.448,616075
1629636,Darius Garland,PG,0.25,0.675,0.88,0.597,0.371,0.834,0.109,0.208,0.596,0.705,0.619,0.028,0.519,0.694,0.522,0.386,0.179,0.456,34005250
1630561,David Duke Jr.,SG,0.25,0.036,0.332,0.744,0.5,1.0,0.109,0.198,0.119,0.182,0.238,0.0,0.187,0.671,0.563,0.419,0.138,0.479,
1631223,David Roddy,PF,0.15,0.771,0.473,0.539,0.293,0.691,0.174,0.238,0.11,0.205,0.19,0.056,0.187,0.44,0.471,0.33,0.065,0.379,2718240
1630558,Davion Mitchell,PG,0.3,0.855,0.398,0.605,0.361,0.714,0.065,0.109,0.174,0.136,0.095,0.0,0.153,0.574,0.515,0.352,0.106,0.387,5063640
1630549,Day'Ron Sharpe,C,0.15,0.723,0.393,0.764,0.267,0.61,0.565,0.366,0.128,0.25,0.19,0.194,0.196,0.648,0.59,0.399,0.179,0.529,2210040
1628368,De'Aaron Fox,PG,0.35,0.88,0.949,0.622,0.369,0.738,0.196,0.366,0.514,0.591,0.952,0.111,0.767,0.745,0.562,0.437,0.398,0.531,32600060
1629631,De'Andre Hunter,SF,0.35,0.675,0.778,0.614,0.385,0.847,0.109,0.337,0.138,0.341,0.333,0.083,0.45,0.56,0.518,0.366,0.122,0.432,20089286
1629001,De'Anthony Melton,SG,0.3,0.446,0.709,0.517,0.36,0.835,0.152,0.297,0.275,0.227,0.762,0.111,0.32,0.866,0.547,0.406,0.195,0.442,8000000
201599,DeAndre Jordan,C,0.8,0.422,0.283,0.835,0.0,0.491,0.326,0.287,0.064,0.136,0.095,0.111,0.112,0.491,0.586,0.376,0.138,0.476,2019706
1630610,DeJon Jarreau,SG,0.35,0.096,0.433,0.455,0.308,0.455,0.196,0.396,0.266,0.227,0.333,0.056,0.138,0.477,0.47,0.344,0.13,0.391,
201942,DeMar DeRozan,SF,0.75,0.94,1.0,0.643,0.333,0.853,0.109,0.376,0.486,0.386,0.524,0.167,0.692,0.565,0.586,0.424,0.366,0.525,28600000
1629731,Dean Wade,PF,0.4,0.639,0.537,0.554,0.391,0.769,0.152,0.337,0.073,0.091,0.333,0.139,0.156,0.755,0.556,0.401,0.187,0.399,5709877
1629028,Deandre Ayton,C,0.3,0.651,0.856,0.763,0.1,0.823,0.696,0.782,0.147,0.409,0.476,0.222,0.481,0.333,0.553,0.404,0.22,0.515,32459438
1627749,Dejounte Murray,SG,0.4,0.928,0.944,0.614,0.363,0.794,0.174,0.446,0.587,0.591,0.667,0.083,0.648,0.509,0.535,0.423,0.35,0.499,18214000
1626153,Delon Wright,PG,0.6,0.554,0.412,0.527,0.368,0.822,0.087,0.139,0.229,0.068,0.524,0.056,0.13,0.616,0.555,0.405,0.179,0.444,8856750
1630166,Deni Avdija,SF,0.2,0.892,0.794,0.677,0.374,0.74,0.239,0.604,0.349,0.477,0.381,0.139,0.424,0.398,0.522,0.387,0.187,0.462,6263188
203471,Dennis Schroder,PG,0.55,0.952,0.821,0.582,0.375,0.836,0.109,0.248,0.56,0.432,0.381,0.056,0.403,0.528,0.518,0.374,0.146,0.44,12405000
1628372,Dennis Smith Jr.,PG,0.35,0.663,0.495,0.582,0.294,0.741,0.196,0.198,0.33,0.273,0.571,0.056,0.19,0.574,0.532,0.388,0.163,0.442,2019706
1641726,Dereck Lively II,C,0.0,0.651,0.618,1.0,0.0,0.506,0.543,0.436,0.101,0.205,0.333,0.389,0.254,0.722,0.614,0.406,0.203,0.504,4775640
1631220,Dereon Seabron,SG,0.2,0.06,0.235,0.412,0.5,0.833,0.043,0.099,0.073,0.0,0.143,0.056,0.066,0.819,0.538,0.379,0.138,0.386,
1627884,Derrick Jones Jr.,SF,0.35,0.904,0.618,0.647,0.343,0.713,0.239,0.218,0.092,0.205,0.333,0.194,0.248,0.634,0.534,0.379,0.154,0.419,5379706
201565,Derrick Rose,PG,0.8,0.277,0.433,0.617,0.366,0.889,0.065,0.158,0.303,0.295,0.143,0.028,0.231,0.537,0.505,0.361,0.13,0.438,3196448
1628401,Derrick White,SG,0.5,0.867,0.861,0.617,0.396,0.901,0.152,0.347,0.477,0.341,0.476,0.333,0.438,0.995,0.605,0.452,0.423,0.488,18357143
1630217,Desmond Bane,SG,0.3,0.494,0.909,0.621,0.381,0.87,0.196,0.347,0.505,0.614,0.476,0.139,0.683,0.38,0.55,0.438,0.276,0.509,3845083
1626164,Devin Booker,PG,0.4,0.807,0.952,0.659,0.364,0.886,0.174,0.366,0.633,0.591,0.429,0.111,0.781,0.815,0.613,0.441,0.39,0.554,36016200
1630170,Devin Vassell,SG,0.2,0.807,0.874,0.632,0.372,0.801,0.087,0.337,0.376,0.364,0.524,0.083,0.562,0.403,0.53,0.399,0.228,0.472,5887899
1628984,Devonte' Graham,PG,0.45,0.265,0.353,0.471,0.301,0.813,0.043,0.129,0.193,0.159,0.19,0.028,0.144,0.648,0.482,0.345,0.13,0.389,12100000
1641926,Dexter Dennis,SG,0.25,0.036,0.19,0.704,0.125,0.333,0.065,0.198,0.092,0.182,0.0,0.083,0.159,0.495,0.471,0.423,0.138,0.507,
1628415,Dillon Brooks,SF,0.45,0.855,0.816,0.573,0.359,0.844,0.152,0.267,0.156,0.273,0.429,0.028,0.366,0.588,0.514,0.35,0.065,0.389,22627671
1631376,Dmytro Skapintsev,C,0.3,0.012,0.019,0.0,0.0,0.0,0.0,0.0,0.0,0.0,0.0,0.0,0.0,0.602,0.082,0.04,0.138,0.008,
1627734,Domantas Sabonis,C,0.4,0.976,0.944,0.795,0.379,0.704,0.783,1.0,0.752,0.75,0.429,0.167,0.559,0.639,0.633,0.49,0.642,0.572,30600000
1631230,Dominick Barlow,PF,0.05,0.386,0.329,0.664,0.333,0.69,0.304,0.208,0.101,0.068,0.19,0.111,0.127,0.556,0.569,0.376,0.138,0.458,455620
1628378,Donovan Mitchell,SG,0.4,0.651,0.933,0.618,0.368,0.865,0.174,0.426,0.56,0.636,0.857,0.139,0.767,0.875,0.595,0.48,0.455,0.557,33162030
1628978,Donte DiVincenzo,SG,0.4,0.964,0.767,0.593,0.401,0.754,0.174,0.287,0.248,0.318,0.619,0.111,0.447,0.694,0.576,0.447,0.398,0.476,10900000
1627827,Dorian Finney-Smith,PF,0.55,0.807,0.749,0.564,0.348,0.717,0.348,0.307,0.147,0.205,0.381,0.167,0.245,0.528,0.52,0.372,0.138,0.398,13932008
203926,Doug McDermott,SF,0.65,0.759,0.366,0.58,0.41,0.579,0.043,0.079,0.101,0.091,0.143,0.0,0.159,0.5,0.505,0.352,0.114,0.385,13750000
203110,Draymond Green,PF,0.7,0.651,0.714,0.665,0.395,0.73,0.304,0.584,0.55,0.568,0.476,0.25,0.248,0.745,0.561,0.433,0.268,0.456,22321429
1629234,Drew Eubanks,C,0.35,0.892,0.406,0.805,1.0,0.774,0.304,0.287,0.073,0.182,0.19,0.222,0.147,0.537,0.571,0.383,0.154,0.455,2346614
1641809,Drew Peterson,PF,0.25,0.024,0.193,0.893,0.6,0.0,0.0,0.03,0.028,0.068,0.333,0.0,0.107,0.727,0.623,0.473,0.138,0.509,
1630696,Dru Smith,SG,0.35,0.096,0.377,0.609,0.412,1.0,0.152,0.089,0.147,0.136,0.476,0.083,0.124,0.38,0.568,0.419,0.146,0.434,1801769
1629130,Duncan Robinson,SF,0.5,0.807,0.738,0.602,0.395,0.889,0.043,0.228,0.257,0.318,0.333,0.056,0.372,0.63,0.541,0.387,0.187,0.426,18154000
1641871,Duop Reath,C,0.4,0.807,0.468,0.617,0.359,0.742,0.304,0.228,0.092,0.182,0.238,0.167,0.262,0.472,0.544,0.387,0.163,0.464,1951220
203939,Dwight Powell,C,0.65,0.747,0.345,0.909,0.333,0.708,0.326,0.188,0.119,0.114,0.19,0.083,0.095,0.602,0.613,0.395,0.171,0.456,4000000
1629685,Dylan Windler,SF,0.4,0.193,0.16,0.669,0.481,0.0,0.043,0.079,0.055,0.023,0.048,0.0,0.072,0.56,0.58,0.409,0.146,0.452,2019706
1630700,Dyson Daniels,PG,0.05,0.723,0.586,0.598,0.311,0.642,0.217,0.287,0.248,0.227,0.667,0.111,0.167,0.657,0.55,0.408,0.211,0.423,5784120
1630604,E.J. Liddell,PF,0.2,0.084,0.067,0.224,0.0,1.0,0.0,0.059,0.009,0.068,0.143,0.083,0.014,0.579,0.395,0.334,0.138,0.321,1801769
1641734,Emoni Bates,SF,0.05,0.169,0.227,0.41,0.303,0.25,0.022,0.089,0.064,0.114,0.048,0.028,0.078,0.343,0.394,0.272,0.122,0.298,
201569,Eric Gordon,SG,0.8,0.807,0.733,0.593,0.378,0.797,0.043,0.158,0.183,0.25,0.476,0.111,0.317,0.69,0.518,0.376,0.146,0.407,3196448
1630647,Eugene Omoruyi,SF,0.35,0.506,0.233,0.649,0.283,0.653,0.174,0.119,0.073,0.114,0.286,0.028,0.138,0.454,0.527,0.368,0.138,0.476,900000
203095,Evan Fournier,SG,0.6,0.373,0.473,0.478,0.254,0.806,0.043,0.168,0.138,0.159,0.429,0.056,0.199,0.398,0.464,0.34,0.114,0.377,18857143
1630596,Evan Mobley,PF,0.15,0.59,0.807,0.775,0.373,0.719,0.478,0.703,0.294,0.409,0.429,0.389,0.452,0.634,0.607,0.44,0.293,0.531,8882640
1630196,Filip Petrusev,C,0.2,0.024,0.072,0.669,0.0,0.5,0.0,0.03,0.0,0.0,0.0,0.0,0.029,0.694,0.491,0.288,0.138,0.332,559782
1628373,Frank Ntilikina,PG,0.3,0.048,0.219,0.149,0.125,1.0,0.043,0.099,0.073,0.045,0.0,0.0,0.029,0.593,0.389,0.214,0.13,0.264,2019706
1630532,Franz Wagner,SF,0.15,0.855,0.858,0.645,0.281,0.85,0.217,0.426,0.339,0.432,0.524,0.111,0.568,0.731,0.573,0.416,0.293,0.497,5508720
1627832,Fred VanVleet,PG,0.5,0.867,0.973,0.557,0.387,0.86,0.109,0.337,0.743,0.386,0.667,0.222,0.501,0.718,0.588,0.447,0.431,0.485,40806300
1627788,Furkan Korkmaz,SG,0.35,0.41,0.219,0.529,0.35,0.7,0.022,0.069,0.064,0.068,0.19,0.028,0.072,0.662,0.514,0.362,0.13,0.386,5370370
1629216,Gabe Vincent,PG,0.4,0.12,0.519,0.41,0.107,0.5,0.087,0.05,0.174,0.114,0.381,0.0,0.089,0.731,0.442,0.309,0.122,0.305,10500000
202066,Garrett Temple,SG,0.9,0.313,0.275,0.498,0.3,0.818,0.152,0.099,0.092,0.114,0.19,0.028,0.095,0.468,0.494,0.334,0.122,0.39,2019706
1629726,Garrison Mathews,SG,0.4,0.783,0.39,0.61,0.44,0.81,0.065,0.109,0.055,0.068,0.143,0.028,0.141,0.532,0.53,0.358,0.122,0.382,2000000
203914,Gary Harris,SG,0.5,0.639,0.631,0.59,0.371,0.756,0.087,0.119,0.147,0.136,0.429,0.083,0.199,0.681,0.547,0.383,0.163,0.389,13000000
1627780,Gary Payton II,SG,0.6,0.518,0.404,0.754,0.364,0.609,0.217,0.149,0.101,0.136,0.429,0.111,0.159,0.69,0.568,0.412,0.179,0.448,8715000
1629018,Gary Trent Jr.,SG,0.3,0.843,0.741,0.57,0.393,0.771,0.087,0.228,0.156,0.159,0.524,0.028,0.395,0.477,0.5,0.363,0.114,0.423,18560000
1627777,Georges Niang,PF,0.55,0.976,0.586,0.601,0.376,0.85,0.065,0.307,0.11,0.205,0.19,0.056,0.271,0.62,0.519,0.359,0.106,0.395,8800000
203507,Giannis Antetokounmpo,PF,0.5,0.867,0.93,0.818,0.274,0.657,0.587,0.871,0.596,0.773,0.571,0.306,0.876,0.815,0.665,0.524,0.724,0.66,45640084
1629048,Goga Bitadze,C,0.25,0.735,0.401,0.807,0.143,0.655,0.391,0.287,0.119,0.159,0.238,0.333,0.144,0.62,0.617,0.429,0.22,0.5,2066585
202330,Gordon Hayward,SF,0.7,0.602,0.642,0.621,0.411,0.742,0.152,0.277,0.284,0.295,0.381,0.083,0.282,0.481,0.514,0.37,0.138,0.434,33319397
1641711,Gradey Dick,SG,0.05,0.711,0.553,0.569,0.365,0.863,0.109,0.178,0.101,0.182,0.286,0.0,0.245,0.31,0.476,0.325,0.049,0.382,4536720
1629684,Grant Williams,PF,0.3,0.904,0.738,0.61,0.375,0.757,0.239,0.307,0.211,0.318,0.286,0.139,0.297,0.454,0.515,0.363,0.114,0.405,12405000
1628960,Grayson Allen,SG,0.45,0.892,0.885,0.668,0.461,0.878,0.13,0.327,0.275,0.295,0.429,0.167,0.389,0.764,0.574,0.417,0.301,0.447,8925000
1630535,Greg Brown III,PF,0.15,0.06,0.166,0.609,0.333,0.444,0.109,0.099,0.064,0.159,0.0,0.194,0.072,0.532,0.468,0.338,0.138,0.403,
1630611,Gui Santos,PF,0.1,0.265,0.214,0.681,0.37,0.941,0.152,0.139,0.055,0.068,0.095,0.028,0.104,0.634,0.603,0.393,0.146,0.471,1029483
1628977,Hamidou Diallo,SG,0.3,0.012,0.053,0.669,0.0,0.0,0.217,0.0,0.046,0.114,0.476,0.0,0.029,0.694,0.631,0.659,0.138,0.704,116075
203084,Harrison Barnes,PF,0.6,0.976,0.765,0.635,0.387,0.801,0.174,0.218,0.11,0.159,0.333,0.028,0.352,0.556,0.543,0.374,0.146,0.422,17000000
1629312,Haywood Highsmith,PF,0.4,0.783,0.543,0.622,0.396,0.639,0.217,0.218,0.101,0.114,0.381,0.139,0.176,0.606,0.554,0.39,0.179,0.411,1902137
1630929,Henri Drell,SF,0.2,0.036,0.19,0.535,0.333,0.5,0.065,0.079,0.092,0.114,0.238,0.083,0.081,0.671,0.506,0.331,0.138,0.406,
1630529,Herbert Jones,SF,0.3,0.904,0.805,0.667,0.418,0.867,0.217,0.257,0.239,0.273,0.667,0.222,0.317,0.741,0.573,0.408,0.268,0.439,12015150
1641816,Hunter Tyson,PF,0.2,0.205,0.061,0.535,0.286,0.0,0.022,0.04,0.009,0.023,0.048,0.0,0.032,0.62,0.474,0.276,0.13,0.344,1119563
1630641,Ibou Badji,C,0.1,0.253,0.265,0.851,0.0,0.5,0.196,0.139,0.055,0.159,0.048,0.25,0.043,0.412,0.505,0.319,0.122,0.371,
1630193,Immanuel Quickley,PG,0.25,0.807,0.77,0.581,0.395,0.853,0.065,0.356,0.45,0.341,0.333,0.028,0.49,0.579,0.56,0.417,0.276,0.485,4171548
1630171,Isaac Okoro,SF,0.2,0.819,0.719,0.656,0.391,0.679,0.217,0.198,0.174,0.182,0.381,0.139,0.271,0.63,0.553,0.384,0.171,0.415,8920795
1628392,Isaiah Hartenstein,C,0.3,0.892,0.666,0.862,0.333,0.707,0.717,0.505,0.229,0.273,0.571,0.306,0.225,0.852,0.631,0.448,0.35,0.515,9245121
1630543,Isaiah Jackson,C,0.15,0.711,0.332,0.89,0.0,0.716,0.348,0.238,0.073,0.159,0.286,0.278,0.184,0.625,0.631,0.423,0.195,0.549,2696280
1630198,Isaiah Joe,SG,0.25,0.928,0.484,0.613,0.416,0.865,0.087,0.188,0.119,0.136,0.286,0.083,0.236,0.81,0.561,0.412,0.22,0.442,1997238
1630587,Isaiah Livers,PF,0.3,0.265,0.535,0.462,0.286,0.667,0.152,0.139,0.101,0.159,0.286,0.056,0.144,0.199,0.456,0.309,0.098,0.332,1836096
1630600,Isaiah Mobley,PF,0.25,0.108,0.182,0.558,0.3,0.0,0.065,0.069,0.055,0.045,0.095,0.0,0.066,0.463,0.494,0.308,0.13,0.371,
1630191,Isaiah Stewart,PF,0.15,0.542,0.816,0.652,0.383,0.753,0.348,0.495,0.147,0.318,0.19,0.222,0.314,0.468,0.513,0.368,0.13,0.414,5266713
202738,Isaiah Thomas,PG,0.75,0.06,0.075,0.402,0.5,0.0,0.0,0.0,0.046,0.0,0.0,0.0,0.037,0.495,0.444,0.304,0.138,0.353,301795
1631209,Isaiah Wong,SG,0.2,0.0,0.104,0.446,0.0,0.0,0.0,0.0,0.0,0.0,0.0,0.0,0.058,0.37,0.246,0.136,0.138,0.249,
202397,Ish Smith,PG,0.8,0.506,0.449,0.56,0.5,0.75,0.065,0.149,0.312,0.25,0.19,0.028,0.092,0.301,0.448,0.305,0.065,0.354,2019706
1630688,Ish Wainright,SF,0.5,0.12,0.142,0.391,0.35,1.0,0.065,0.099,0.009,0.045,0.19,0.028,0.061,0.583,0.491,0.366,0.138,0.382,1927896
1627826,Ivica Zubac,C,0.35,0.807,0.695,0.869,0.0,0.723,0.63,0.624,0.128,0.273,0.143,0.333,0.337,0.727,0.614,0.411,0.244,0.52,10933333
1631167,Izaiah Brockington,PG,0.25,0.0,0.08,0.535,0.0,0.0,0.217,0.099,0.0,0.0,0.0,0.0,0.115,0.741,0.326,0.153,0.138,0.617,
1631120,JD Davison,SG,0.1,0.084,0.12,0.558,0.429,0.75,0.065,0.099,0.119,0.068,0.048,0.028,0.058,0.736,0.65,0.445,0.146,0.513,
1630550,JT Thor,PF,0.1,0.747,0.321,0.585,0.346,0.55,0.152,0.158,0.046,0.045,0.095,0.111,0.092,0.565,0.495,0.337,0.098,0.385,1836096
1629630,Ja Morant,PG,0.25,0.096,0.933,0.631,0.275,0.813,0.152,0.485,0.743,0.682,0.381,0.167,0.723,0.657,0.567,0.442,0.171,0.537,34005250
201580,JaVale McGee,C,0.85,0.542,0.187,0.801,0.143,0.578,0.196,0.178,0.037,0.159,0.143,0.111,0.115,0.611,0.549,0.381,0.146,0.516,4368030
1631095,Jabari Smith Jr.,PF,0.05,0.904,0.842,0.608,0.363,0.811,0.391,0.624,0.147,0.273,0.333,0.222,0.395,0.551,0.557,0.394,0.22,0.447,9326520
1631133,Jabari Walker,SF,0.1,0.855,0.62,0.616,0.295,0.754,0.457,0.495,0.092,0.205,0.286,0.083,0.256,0.384,0.534,0.354,0.089,0.436,1719864
1631298,Jack White,SF,0.35,0.036,0.414,0.167,0.2,0.0,0.217,0.198,0.028,0.114,0.476,0.083,0.043,0.278,0.388,0.257,0.13,0.279,600000
1631367,Jacob Gilyard,PG,0.3,0.482,0.444,0.535,0.405,1.0,0.043,0.089,0.303,0.159,0.381,0.028,0.121,0.407,0.544,0.38,0.146,0.411,
1631210,Jacob Toppin,SF,0.2,0.096,0.102,0.744,0.25,1.0,0.065,0.04,0.028,0.023,0.0,0.028,0.04,0.519,0.597,0.39,0.138,0.454,
1630702,Jaden Hardy,SG,0.1,0.867,0.353,0.545,0.362,0.776,0.065,0.149,0.138,0.182,0.143,0.028,0.21,0.523,0.479,0.343,0.098,0.412,1719864
1631093,Jaden Ivey,SG,0.1,0.916,0.759,0.574,0.336,0.749,0.239,0.228,0.349,0.568,0.333,0.139,0.444,0.394,0.476,0.356,0.089,0.428,7614480
1630183,Jaden McDaniels,SF,0.2,0.855,0.77,0.655,0.337,0.722,0.174,0.228,0.128,0.273,0.429,0.167,0.303,0.704,0.53,0.363,0.114,0.389,3901399
1630531,Jaden Springer,SG,0.1,0.578,0.265,0.534,0.208,0.833,0.152,0.089,0.083,0.159,0.333,0.083,0.095,0.574,0.51,0.352,0.122,0.406,2226240
203109,Jae Crowder,PF,0.7,0.59,0.607,0.565,0.349,0.722,0.13,0.257,0.119,0.114,0.381,0.056,0.179,0.537,0.52,0.363,0.122,0.382,2019706
1630256,Jae'Sean Tate,SF,0.45,0.771,0.414,0.632,0.299,0.667,0.196,0.208,0.092,0.136,0.286,0.056,0.118,0.657,0.534,0.368,0.13,0.387,6500000
1630186,Jahmi'us Ramsey,SG,0.15,0.072,0.452,0.588,0.273,0.833,0.13,0.257,0.101,0.227,0.476,0.0,0.193,0.417,0.485,0.338,0.13,0.405,
1631170,Jaime Jaquez Jr.,SF,0.15,0.892,0.743,0.655,0.322,0.811,0.239,0.267,0.239,0.341,0.476,0.083,0.343,0.667,0.542,0.373,0.146,0.435,3510600
1631222,Jake LaRavia,PF,0.15,0.41,0.604,0.521,0.34,0.826,0.326,0.218,0.156,0.295,0.381,0.083,0.311,0.449,0.518,0.365,0.13,0.431,3199920
1627751,Jakob Poeltl,C,0.45,0.59,0.695,0.878,0.0,0.551,0.63,0.564,0.229,0.341,0.333,0.417,0.32,0.588,0.578,0.409,0.211,0.515,19500000
1628973,Jalen Brunson,PG,0.4,0.916,0.936,0.641,0.401,0.847,0.13,0.307,0.615,0.545,0.429,0.056,0.827,0.907,0.626,0.48,0.577,0.574,26346666
1630622,Jalen Crutcher,PG,0.25,0.0,0.061,0.0,0.0,0.0,0.0,0.0,0.0,0.0,0.0,0.0,0.0,0.648,0.201,0.036,0.138,0.097,
1631105,Jalen Duren,C,0.05,0.723,0.767,0.829,0.0,0.79,0.674,0.842,0.22,0.477,0.238,0.222,0.398,0.366,0.572,0.398,0.211,0.512,4330680
1630224,Jalen Green,SG,0.1,0.976,0.837,0.566,0.332,0.804,0.109,0.465,0.321,0.523,0.381,0.083,0.565,0.62,0.513,0.393,0.22,0.459,9891480
1641720,Jalen Hood-Schifino,SG,0.05,0.241,0.128,0.297,0.133,0.6,0.022,0.05,0.037,0.091,0.048,0.028,0.046,0.481,0.29,0.176,0.106,0.244,3695040
1630552,Jalen Johnson,SF,0.15,0.663,0.89,0.684,0.355,0.728,0.283,0.733,0.33,0.409,0.571,0.222,0.461,0.537,0.546,0.416,0.26,0.48,2925360
1629667,Jalen McDaniels,SF,0.35,0.59,0.278,0.461,0.169,0.73,0.087,0.119,0.064,0.136,0.19,0.028,0.098,0.454,0.409,0.275,0.057,0.33,4516000
1629618,Jalen Pickett,SG,0.25,0.313,0.11,0.574,0.36,0.75,0.0,0.05,0.073,0.068,0.048,0.0,0.046,0.602,0.52,0.354,0.138,0.393,1708143
1641771,Jalen Slawson,SF,0.25,0.133,0.072,0.893,0.0,0.0,0.022,0.05,0.018,0.045,0.048,0.028,0.02,0.579,0.514,0.311,0.138,0.351,
1630188,Jalen Smith,C,0.2,0.723,0.449,0.793,0.424,0.692,0.391,0.366,0.092,0.159,0.143,0.167,0.285,0.593,0.614,0.433,0.236,0.538,5043773
1630591,Jalen Suggs,SG,0.15,0.892,0.711,0.631,0.397,0.756,0.13,0.238,0.248,0.409,0.667,0.167,0.363,0.63,0.558,0.413,0.26,0.451,7252080
1631114,Jalen Williams,PF,0.15,0.843,0.826,0.723,0.427,0.814,0.109,0.347,0.413,0.386,0.524,0.167,0.55,0.852,0.594,0.431,0.333,0.517,4558680
1630592,Jalen Wilson,PF,0.2,0.506,0.404,0.569,0.324,0.826,0.239,0.198,0.092,0.091,0.143,0.028,0.144,0.597,0.53,0.359,0.122,0.407,850000
1631288,Jamal Cain,PF,0.25,0.301,0.257,0.576,0.355,0.783,0.13,0.079,0.037,0.068,0.19,0.056,0.107,0.556,0.539,0.368,0.138,0.416,
1627750,Jamal Murray,PG,0.35,0.699,0.832,0.644,0.425,0.853,0.152,0.337,0.596,0.477,0.476,0.194,0.611,0.847,0.59,0.456,0.374,0.538,33833400
1631123,Jamaree Bouyea,PG,0.25,0.096,0.27,0.478,0.111,0.0,0.065,0.178,0.11,0.227,0.048,0.0,0.066,0.523,0.365,0.229,0.122,0.284,
1630547,James Bouknight,SG,0.2,0.157,0.144,0.588,0.433,0.5,0.022,0.059,0.037,0.023,0.048,0.028,0.104,0.565,0.518,0.43,0.146,0.475,4570080
201935,James Harden,PG,0.75,0.855,0.906,0.573,0.381,0.878,0.109,0.465,0.78,0.591,0.524,0.222,0.478,0.787,0.598,0.456,0.447,0.511,35680595
201949,James Johnson,PF,0.85,0.096,0.128,0.402,0.0,1.0,0.022,0.03,0.083,0.136,0.286,0.028,0.026,0.63,0.428,0.319,0.138,0.33,777703
1630164,James Wiseman,C,0.15,0.747,0.452,0.821,0.0,0.706,0.37,0.356,0.083,0.227,0.095,0.167,0.205,0.361,0.543,0.351,0.106,0.46,12119440
1641716,Jarace Walker,PF,0.05,0.386,0.265,0.548,0.4,0.889,0.087,0.149,0.11,0.114,0.238,0.083,0.104,0.63,0.514,0.402,0.154,0.42,6059520
1630215,Jared Butler,SG,0.2,0.47,0.366,0.653,0.308,0.861,0.043,0.119,0.294,0.295,0.333,0.056,0.182,0.546,0.511,0.37,0.138,0.451,1250000
1631197,Jared Rhoden,SG,0.25,0.193,0.374,0.669,0.387,0.625,0.043,0.178,0.073,0.091,0.095,0.222,0.141,0.495,0.516,0.365,0.138,0.401,
1628991,Jaren Jackson Jr.,C,0.25,0.783,0.85,0.594,0.32,0.808,0.283,0.416,0.211,0.545,0.571,0.444,0.648,0.361,0.522,0.405,0.244,0.495,27102202
1629020,Jarred Vanderbilt,PF,0.25,0.337,0.524,0.693,0.296,0.667,0.304,0.327,0.11,0.227,0.571,0.056,0.15,0.671,0.539,0.377,0.138,0.418,4698000
1628386,Jarrett Allen,C,0.3,0.916,0.837,0.849,0.0,0.742,0.696,0.733,0.248,0.364,0.333,0.306,0.476,0.722,0.636,0.441,0.39,0.553,20000000
1630554,Jason Preston,PG,0.25,0.072,0.262,0.423,0.0,0.0,0.196,0.158,0.211,0.068,0.143,0.028,0.049,0.755,0.489,0.363,0.138,0.403,
1631241,Javon Freeman-Liberty,PG,0.25,0.253,0.479,0.594,0.238,0.917,0.152,0.248,0.165,0.25,0.238,0.056,0.202,0.269,0.491,0.327,0.114,0.406,289542
1629750,Javonte Green,SF,0.55,0.096,0.674,0.803,0.37,0.769,0.478,0.515,0.055,0.182,0.524,0.25,0.352,0.745,0.612,0.427,0.154,0.532,243758
1630606,Javonte Smart,PG,0.25,0.0,0.008,0.0,0.0,0.0,0.0,0.0,0.0,0.0,0.0,0.0,0.0,0.463,0.472,0.284,0.138,0.264,
1629637,Jaxson Hayes,C,0.2,0.831,0.324,0.964,0.0,0.622,0.217,0.198,0.046,0.136,0.238,0.111,0.124,0.532,0.576,0.373,0.138,0.45,2165000
1630643,Jay Huff,C,0.3,0.229,0.056,0.803,0.333,1.0,0.022,0.05,0.009,0.023,0.048,0.056,0.035,0.579,0.638,0.417,0.138,0.509,
1627759,Jaylen Brown,SF,0.4,0.831,0.885,0.668,0.354,0.703,0.261,0.426,0.33,0.545,0.571,0.139,0.663,0.875,0.565,0.409,0.268,0.511,31830357
1629669,Jaylen Nowell,SG,0.25,0.145,0.428,0.584,0.207,0.778,0.109,0.139,0.138,0.114,0.143,0.056,0.179,0.486,0.481,0.325,0.122,0.386,
1631119,Jaylin Williams,C,0.1,0.819,0.337,0.558,0.368,0.805,0.109,0.287,0.147,0.114,0.19,0.111,0.115,0.685,0.572,0.415,0.195,0.432,2000000
1628369,Jayson Tatum,PF,0.3,0.88,0.944,0.631,0.376,0.833,0.196,0.713,0.45,0.568,0.476,0.167,0.775,0.981,0.619,0.47,0.52,0.56,32600060
201145,Jeff Green,PF,0.9,0.928,0.439,0.61,0.331,0.819,0.13,0.168,0.083,0.136,0.095,0.111,0.187,0.556,0.544,0.37,0.138,0.414,9600000
203924,Jerami Grant,PF,0.5,0.639,0.896,0.604,0.402,0.817,0.152,0.287,0.257,0.477,0.381,0.167,0.605,0.301,0.525,0.398,0.211,0.468,27586207
1630526,Jeremiah Robinson-Earl,PF,0.2,0.458,0.219,0.635,0.333,0.75,0.13,0.139,0.046,0.091,0.143,0.028,0.084,0.574,0.537,0.369,0.138,0.42,684843
1631110,Jeremy Sochan,PF,0.05,0.88,0.781,0.586,0.308,0.771,0.413,0.455,0.312,0.432,0.381,0.139,0.334,0.389,0.492,0.352,0.073,0.415,5316960
1630579,Jericho Sims,C,0.3,0.53,0.337,0.925,0.0,0.667,0.261,0.198,0.055,0.091,0.095,0.111,0.058,0.593,0.57,0.374,0.138,0.408,1927896
1629010,Jerome Robinson,SG,0.35,0.253,0.088,0.446,0.118,0.636,0.0,0.02,0.018,0.023,0.0,0.028,0.04,0.657,0.436,0.284,0.13,0.34,
1641724,Jett Howard,SF,0.05,0.205,0.088,0.446,0.28,0.5,0.022,0.03,0.028,0.045,0.048,0.028,0.046,0.611,0.472,0.374,0.138,0.378,5026800
1628975,Jevon Carter,PG,0.45,0.855,0.361,0.506,0.329,0.571,0.043,0.069,0.119,0.114,0.238,0.056,0.144,0.62,0.475,0.344,0.098,0.377,6190476
202710,Jimmy Butler,PF,0.75,0.711,0.898,0.668,0.414,0.858,0.391,0.356,0.459,0.386,0.619,0.083,0.599,0.769,0.639,0.463,0.415,0.556,45183960
1629111,Jock Landale,C,0.45,0.663,0.353,0.689,0.25,0.8,0.348,0.149,0.11,0.136,0.19,0.167,0.141,0.736,0.585,0.398,0.171,0.471,8000000
203925,Joe Harris,SG,0.65,0.181,0.273,0.481,0.333,0.5,0.043,0.059,0.055,0.068,0.095,0.028,0.069,0.463,0.469,0.318,0.122,0.325,19928571
204060,Joe Ingles,SF,0.85,0.807,0.449,0.584,0.435,0.824,0.065,0.178,0.275,0.227,0.286,0.028,0.127,0.713,0.554,0.393,0.179,0.405,11000000
203954,Joel Embiid,C,0.5,0.458,0.888,0.708,0.388,0.883,0.522,0.851,0.514,0.864,0.571,0.472,1.0,0.917,0.688,0.56,0.504,0.716,47607350
1628381,John Collins,PF,0.35,0.807,0.738,0.712,0.371,0.795,0.5,0.604,0.101,0.318,0.286,0.25,0.435,0.394,0.556,0.387,0.179,0.496,25340000
1629723,John Konchar,SF,0.4,0.651,0.559,0.566,0.317,0.84,0.283,0.337,0.183,0.182,0.429,0.25,0.124,0.477,0.541,0.394,0.179,0.415,2400000
1631098,Johnny Davis,SG,0.1,0.59,0.318,0.539,0.35,0.583,0.087,0.109,0.055,0.068,0.19,0.056,0.086,0.463,0.461,0.308,0.081,0.346,5050800
1630548,Johnny Juzang,SG,0.15,0.229,0.487,0.621,0.416,0.714,0.087,0.149,0.11,0.159,0.095,0.028,0.207,0.583,0.506,0.348,0.122,0.391,
1628371,Jonathan Isaac,PF,0.35,0.687,0.412,0.683,0.375,0.72,0.283,0.317,0.046,0.114,0.333,0.333,0.196,0.745,0.618,0.452,0.252,0.519,17400000
1630228,Jonathan Kuminga,PF,0.1,0.88,0.693,0.708,0.321,0.746,0.261,0.356,0.202,0.364,0.333,0.139,0.464,0.681,0.558,0.394,0.203,0.489,6012840
1629007,Jontay Porter,PF,0.25,0.301,0.358,0.515,0.333,0.833,0.217,0.218,0.211,0.182,0.381,0.222,0.127,0.472,0.539,0.423,0.163,0.462,
203903,Jordan Clarkson,SG,0.6,0.651,0.807,0.553,0.294,0.881,0.196,0.248,0.459,0.614,0.286,0.028,0.493,0.44,0.473,0.337,0.049,0.432,23487629
1630259,Jordan Ford,PG,0.3,0.06,0.086,0.764,0.667,1.0,0.0,0.03,0.028,0.045,0.0,0.0,0.058,0.708,0.594,0.43,0.138,0.487,
1630692,Jordan Goodwin,PG,0.3,0.675,0.484,0.494,0.298,0.746,0.326,0.287,0.248,0.227,0.381,0.083,0.187,0.528,0.511,0.386,0.163,0.431,1927896
1641722,Jordan Hawkins,SG,0.1,0.795,0.452,0.511,0.366,0.838,0.087,0.178,0.092,0.136,0.143,0.028,0.225,0.611,0.51,0.356,0.114,0.399,4310160
1629162,Jordan McLaughlin,PG,0.4,0.663,0.289,0.647,0.472,0.722,0.065,0.099,0.183,0.068,0.286,0.028,0.101,0.731,0.622,0.458,0.22,0.469,2320000
1641757,Jordan Miller,SF,0.25,0.084,0.083,0.744,0.5,1.0,0.087,0.03,0.0,0.023,0.0,0.0,0.046,0.528,0.561,0.347,0.138,0.451,
1629670,Jordan Nwora,SF,0.3,0.614,0.356,0.618,0.336,0.83,0.109,0.228,0.11,0.227,0.238,0.083,0.202,0.426,0.495,0.365,0.13,0.446,3000000
1629673,Jordan Poole,SG,0.25,0.928,0.794,0.553,0.326,0.877,0.087,0.228,0.404,0.545,0.524,0.083,0.501,0.273,0.458,0.345,0.041,0.424,27455357
1641775,Jordan Walsh,SF,0.0,0.096,0.238,0.535,0.222,0.5,0.13,0.168,0.055,0.068,0.286,0.028,0.049,0.843,0.539,0.347,0.138,0.375,1119563
1630631,Jose Alvarado,PG,0.3,0.663,0.481,0.552,0.377,0.673,0.087,0.178,0.193,0.159,0.524,0.083,0.205,0.801,0.546,0.398,0.179,0.43,1836096
1630581,Josh Giddey,SG,0.1,0.952,0.66,0.636,0.337,0.806,0.304,0.495,0.44,0.477,0.333,0.167,0.354,0.819,0.55,0.42,0.285,0.484,6587040
1630182,Josh Green,SG,0.2,0.675,0.695,0.641,0.385,0.684,0.152,0.248,0.211,0.25,0.381,0.056,0.236,0.519,0.525,0.362,0.114,0.395,4765339
1628404,Josh Hart,SF,0.45,0.964,0.882,0.581,0.31,0.791,0.348,0.673,0.376,0.341,0.429,0.083,0.271,0.801,0.548,0.399,0.252,0.42,12960000
1631169,Josh Minott,SF,0.1,0.373,0.067,0.632,0.4,0.857,0.022,0.04,0.028,0.023,0.095,0.056,0.046,0.63,0.646,0.47,0.154,0.534,1719864
1629006,Josh Okogie,SG,0.3,0.711,0.417,0.558,0.309,0.745,0.261,0.129,0.101,0.136,0.381,0.111,0.133,0.606,0.551,0.393,0.171,0.423,2815937
1626196,Josh Richardson,SG,0.55,0.506,0.674,0.594,0.347,0.944,0.087,0.238,0.22,0.182,0.286,0.083,0.285,0.486,0.542,0.381,0.154,0.415,2891467
1630563,Joshua Primo,SG,0.1,0.012,0.126,0.446,0.0,0.0,0.109,0.0,0.0,0.455,0.0,0.139,0.029,0.579,0.0,0.053,0.13,0.094,6105941
201950,Jrue Holiday,PG,0.7,0.819,0.866,0.643,0.429,0.833,0.261,0.416,0.44,0.409,0.429,0.222,0.36,0.889,0.574,0.429,0.333,0.455,36861707
1629308,Juan Toscano-Anderson,SF,0.55,0.12,0.118,0.335,0.25,0.0,0.087,0.089,0.037,0.045,0.048,0.028,0.017,0.565,0.449,0.269,0.13,0.297,439581
1631262,Jules Bernard,SG,0.25,0.217,0.201,0.606,0.379,0.556,0.109,0.079,0.073,0.091,0.095,0.028,0.112,0.667,0.489,0.358,0.138,0.432,
1630577,Julian Champagnie,SF,0.15,0.88,0.519,0.546,0.365,0.815,0.13,0.218,0.128,0.182,0.286,0.167,0.196,0.514,0.515,0.373,0.138,0.405,3000000
1641763,Julian Phillips,SF,0.05,0.47,0.206,0.557,0.316,0.684,0.065,0.059,0.028,0.068,0.095,0.056,0.063,0.597,0.493,0.326,0.114,0.357,1600000
1631124,Julian Strawther,SF,0.1,0.59,0.281,0.494,0.297,0.71,0.022,0.109,0.083,0.114,0.143,0.028,0.13,0.505,0.48,0.316,0.089,0.373,2431080
203944,Julius Randle,PF,0.5,0.542,0.936,0.632,0.311,0.781,0.478,0.693,0.459,0.795,0.238,0.083,0.692,0.819,0.558,0.426,0.268,0.515,28226880
1630551,Justin Champagnie,SF,0.15,0.169,0.409,0.549,0.289,0.8,0.283,0.228,0.119,0.159,0.333,0.167,0.17,0.421,0.514,0.374,0.138,0.444,
203200,Justin Holiday,SG,0.75,0.687,0.388,0.608,0.404,0.75,0.043,0.109,0.11,0.045,0.286,0.056,0.115,0.644,0.549,0.377,0.146,0.393,2019706
1628382,Justin Jackson,SF,0.45,0.012,0.0,0.0,0.0,0.0,0.0,0.0,0.0,0.0,0.0,0.0,0.0,0.602,0.493,0.295,0.138,0.264,
1631303,Justin Minaya,SF,0.25,0.398,0.289,0.398,0.245,0.556,0.196,0.079,0.055,0.068,0.143,0.083,0.052,0.491,0.475,0.322,0.114,0.341,
203994,Jusuf Nurkic,C,0.5,0.904,0.719,0.683,0.244,0.64,0.63,0.802,0.367,0.523,0.524,0.306,0.314,0.847,0.574,0.415,0.268,0.495,16875000
1630231,KJ Martin,SF,0.2,0.711,0.321,0.718,0.286,0.537,0.152,0.149,0.083,0.114,0.19,0.056,0.107,0.597,0.525,0.343,0.106,0.395,1930681
1629232,Kaiser Gates,SF,0.4,0.0,0.187,0.0,0.0,0.0,0.0,0.099,0.0,0.0,0.0,0.0,0.0,0.509,0.022,0.0,0.13,0.0,
1626157,Karl-Anthony Towns,PF,0.45,0.735,0.864,0.675,0.416,0.873,0.326,0.673,0.275,0.659,0.333,0.194,0.628,0.843,0.586,0.434,0.325,0.513,36016200
202695,Kawhi Leonard,SF,0.65,0.807,0.906,0.703,0.417,0.885,0.261,0.485,0.33,0.409,0.762,0.25,0.683,0.87,0.615,0.476,0.496,0.572,45640084
1631099,Keegan Murray,SF,0.2,0.916,0.888,0.608,0.358,0.831,0.304,0.406,0.156,0.182,0.476,0.222,0.438,0.685,0.545,0.387,0.203,0.44,8409000
1628966,Keita Bates-Diop,SF,0.45,0.627,0.324,0.581,0.304,0.762,0.13,0.149,0.064,0.068,0.238,0.111,0.107,0.556,0.541,0.386,0.154,0.416,2346614
1629640,Keldon Johnson,SF,0.25,0.819,0.778,0.608,0.346,0.792,0.304,0.406,0.257,0.318,0.333,0.083,0.452,0.37,0.525,0.376,0.154,0.452,20000000
203482,Kelly Olynyk,C,0.65,0.928,0.591,0.743,0.387,0.833,0.304,0.386,0.404,0.432,0.429,0.111,0.282,0.444,0.574,0.424,0.276,0.495,12195122
1626162,Kelly Oubre Jr.,SF,0.45,0.807,0.797,0.59,0.311,0.75,0.304,0.356,0.138,0.295,0.524,0.194,0.444,0.583,0.524,0.368,0.13,0.443,2019706
1631112,Kendall Brown,SG,0.05,0.169,0.102,0.714,0.0,0.625,0.043,0.01,0.028,0.023,0.0,0.0,0.04,0.528,0.504,0.305,0.13,0.365,1100000
1631254,Kenneth Lofton Jr.,PF,0.1,0.241,0.241,0.618,0.292,0.654,0.13,0.119,0.147,0.159,0.143,0.056,0.133,0.579,0.522,0.395,0.146,0.459,500000
1629026,Kenrich Williams,PF,0.5,0.819,0.388,0.627,0.397,0.5,0.196,0.208,0.119,0.114,0.286,0.028,0.135,0.704,0.56,0.388,0.163,0.422,6175000
203484,Kentavious Caldwell-Pope,SG,0.55,0.904,0.834,0.616,0.406,0.894,0.087,0.198,0.22,0.227,0.619,0.167,0.291,0.949,0.545,0.38,0.171,0.406,14704938
1631165,Keon Ellis,SG,0.25,0.675,0.449,0.617,0.417,0.743,0.13,0.158,0.138,0.136,0.429,0.139,0.156,0.676,0.559,0.416,0.203,0.423,683430
1630553,Keon Johnson,SG,0.1,0.048,0.318,0.51,0.4,0.917,0.13,0.079,0.055,0.227,0.286,0.056,0.179,0.37,0.522,0.362,0.138,0.438,2808720
1630556,Kessler Edwards,SF,0.2,0.639,0.126,0.556,0.385,0.556,0.043,0.059,0.028,0.023,0.095,0.028,0.049,0.565,0.534,0.379,0.138,0.401,1927896
201142,Kevin Durant,PF,0.8,0.892,0.984,0.7,0.413,0.856,0.109,0.604,0.459,0.75,0.429,0.333,0.781,0.782,0.582,0.455,0.488,0.545,47649433
1628989,Kevin Huerter,SG,0.3,0.759,0.642,0.593,0.361,0.766,0.13,0.287,0.239,0.182,0.333,0.111,0.294,0.657,0.539,0.388,0.179,0.428,15669643
201567,Kevin Love,PF,0.8,0.651,0.439,0.589,0.344,0.787,0.239,0.505,0.193,0.205,0.143,0.056,0.254,0.694,0.604,0.449,0.244,0.509,3835738
1630284,Kevon Harris,SG,0.35,0.012,0.07,0.893,0.0,0.0,0.0,0.099,0.046,0.114,0.0,0.0,0.058,0.602,0.498,0.18,0.138,0.411,
1626172,Kevon Looney,C,0.4,0.88,0.42,0.799,0.0,0.675,0.413,0.366,0.165,0.159,0.19,0.111,0.13,0.625,0.598,0.408,0.203,0.464,7500000
1641749,Keyontae Johnson,SF,0.2,0.096,0.187,0.419,0.333,0.0,0.087,0.069,0.037,0.091,0.048,0.0,0.035,0.565,0.414,0.264,0.13,0.285,
1641718,Keyonte George,PG,0.05,0.892,0.711,0.523,0.334,0.848,0.043,0.257,0.404,0.568,0.238,0.028,0.375,0.37,0.462,0.338,0.041,0.402,3889800
203114,Khris Middleton,SF,0.65,0.651,0.711,0.66,0.381,0.833,0.152,0.386,0.486,0.523,0.429,0.083,0.435,0.708,0.555,0.415,0.236,0.489,29320988
1630165,Killian Hayes,PG,0.15,0.494,0.631,0.553,0.297,0.66,0.065,0.257,0.45,0.273,0.429,0.139,0.199,0.333,0.494,0.362,0.122,0.403,7413955
1630184,Kira Lewis Jr.,PG,0.15,0.325,0.241,0.495,0.121,0.85,0.065,0.059,0.119,0.114,0.143,0.028,0.092,0.491,0.464,0.319,0.114,0.378,5722116
202691,Klay Thompson,SF,0.7,0.916,0.783,0.578,0.387,0.927,0.109,0.277,0.211,0.341,0.286,0.139,0.516,0.606,0.528,0.394,0.211,0.448,43219440
1641738,Kobe Brown,PF,0.25,0.518,0.23,0.55,0.292,0.5,0.109,0.099,0.055,0.045,0.143,0.028,0.058,0.505,0.512,0.347,0.122,0.365,2413320
1641723,Kobe Bufkin,SG,0.05,0.193,0.297,0.495,0.225,0.5,0.087,0.158,0.147,0.136,0.19,0.083,0.138,0.505,0.443,0.337,0.13,0.385,4094280
1628424,Kobi Simmons,PG,0.35,0.036,0.441,0.574,0.25,0.0,0.065,0.149,0.275,0.068,0.714,0.139,0.144,0.241,0.546,0.386,0.138,0.456,
1627739,Kris Dunn,PG,0.5,0.783,0.495,0.629,0.369,0.688,0.174,0.208,0.349,0.273,0.476,0.111,0.156,0.611,0.529,0.398,0.187,0.434,2586665
1631200,Kris Murray,SF,0.2,0.735,0.57,0.53,0.268,0.661,0.304,0.218,0.119,0.205,0.429,0.083,0.176,0.481,0.487,0.35,0.089,0.383,2847480
203937,Kyle Anderson,PF,0.55,0.94,0.594,0.616,0.229,0.708,0.174,0.267,0.385,0.273,0.429,0.167,0.184,0.699,0.565,0.415,0.252,0.432,9219512
1628398,Kyle Kuzma,PF,0.45,0.831,0.861,0.62,0.336,0.775,0.196,0.564,0.385,0.614,0.238,0.194,0.64,0.231,0.471,0.384,0.179,0.472,25568182
200768,Kyle Lowry,PG,0.9,0.711,0.743,0.578,0.392,0.84,0.13,0.267,0.385,0.318,0.476,0.111,0.233,0.602,0.548,0.386,0.171,0.408,32478379
202681,Kyrie Irving,SG,0.6,0.687,0.925,0.665,0.411,0.905,0.174,0.416,0.477,0.409,0.619,0.139,0.738,0.824,0.598,0.467,0.431,0.554,37037037
1630163,LaMelo Ball,PG,0.15,0.253,0.853,0.58,0.355,0.865,0.283,0.376,0.734,0.864,0.857,0.056,0.689,0.31,0.527,0.445,0.22,0.54,10900635
1630205,Lamar Stevens,PF,0.35,0.446,0.382,0.602,0.304,0.778,0.196,0.238,0.064,0.136,0.286,0.167,0.207,0.611,0.522,0.369,0.138,0.458,2419706
1629013,Landry Shamet,SG,0.35,0.542,0.412,0.577,0.338,0.826,0.065,0.099,0.11,0.159,0.238,0.056,0.205,0.454,0.486,0.344,0.106,0.403,10250000
1626204,Larry Nance Jr.,C,0.6,0.723,0.521,0.767,0.415,0.77,0.326,0.347,0.174,0.182,0.476,0.083,0.164,0.657,0.596,0.427,0.236,0.462,10375000
1628374,Lauri Markkanen,PF,0.35,0.651,0.874,0.643,0.399,0.899,0.478,0.584,0.183,0.318,0.429,0.139,0.669,0.62,0.598,0.449,0.35,0.549,17259999
2544,LeBron James,PF,1.0,0.843,0.933,0.723,0.41,0.75,0.196,0.634,0.761,0.795,0.619,0.139,0.741,0.745,0.599,0.49,0.577,0.578,47607350
1641778,Leaky Black,SF,0.25,0.301,0.281,0.644,0.45,0.667,0.065,0.149,0.083,0.045,0.143,0.111,0.078,0.556,0.535,0.366,0.138,0.416,
1631159,Leonard Miller,SF,0.05,0.193,0.072,0.87,0.4,0.5,0.065,0.089,0.046,0.023,0.048,0.028,0.049,0.625,0.726,0.533,0.154,0.622,1800000
1631311,Lester Quinones,SG,0.2,0.434,0.275,0.531,0.364,0.69,0.13,0.139,0.092,0.114,0.095,0.028,0.127,0.625,0.522,0.354,0.13,0.401,548815
1629623,Lindell Wigginton,PG,0.3,0.024,0.056,0.535,0.0,1.0,0.0,0.0,0.0,0.068,0.0,0.0,0.058,0.449,0.345,0.068,0.138,0.338,
1630322,Lindy Waters III,SG,0.35,0.446,0.187,0.631,0.435,1.0,0.043,0.089,0.055,0.045,0.048,0.056,0.104,0.56,0.588,0.426,0.163,0.467,766095
1629022,Lonnie Walker IV,SG,0.3,0.687,0.455,0.566,0.384,0.763,0.043,0.198,0.119,0.205,0.286,0.083,0.28,0.606,0.498,0.38,0.154,0.438,2019706
1629652,Luguentz Dort,SF,0.25,0.94,0.749,0.586,0.394,0.826,0.196,0.267,0.128,0.205,0.429,0.167,0.314,0.806,0.546,0.377,0.154,0.411,15277778
1630568,Luka Garza,C,0.3,0.289,0.12,0.643,0.281,0.72,0.174,0.05,0.018,0.045,0.095,0.0,0.115,0.616,0.601,0.37,0.138,0.553,127683
1628379,Luke Kennard,SG,0.4,0.458,0.674,0.6,0.45,0.889,0.065,0.257,0.321,0.318,0.238,0.028,0.317,0.38,0.547,0.395,0.171,0.438,14763636
1628436,Luke Kornet,C,0.45,0.747,0.406,0.937,1.0,0.907,0.413,0.228,0.101,0.068,0.19,0.278,0.153,0.764,0.666,0.447,0.244,0.527,2413304
1630201,Malachi Flynn,PG,0.3,0.819,0.329,0.56,0.331,0.732,0.065,0.129,0.174,0.205,0.286,0.028,0.159,0.481,0.491,0.369,0.138,0.422,3873025
1631103,Malaki Branham,PG,0.05,0.892,0.559,0.578,0.347,0.873,0.087,0.158,0.193,0.273,0.19,0.028,0.265,0.37,0.462,0.322,0.016,0.379,3071880
1627763,Malcolm Brogdon,PG,0.6,0.458,0.757,0.589,0.412,0.819,0.152,0.307,0.505,0.341,0.333,0.056,0.452,0.505,0.557,0.427,0.228,0.489,22500000
1630608,Malcolm Cazalon,SG,0.15,0.0,0.059,0.0,0.0,0.0,0.0,0.0,0.0,0.0,0.0,0.0,0.0,0.833,0.458,0.273,0.138,0.264,
1627736,Malik Beasley,SG,0.4,0.94,0.781,0.593,0.413,0.714,0.109,0.317,0.128,0.159,0.333,0.028,0.326,0.773,0.526,0.374,0.146,0.401,2019706
1628370,Malik Monk,SG,0.3,0.855,0.684,0.593,0.35,0.829,0.087,0.257,0.468,0.477,0.286,0.139,0.444,0.606,0.54,0.408,0.236,0.476,9945830
1642013,Malik Williams,C,0.3,0.072,0.396,0.355,0.2,0.0,0.457,0.327,0.028,0.091,0.19,0.167,0.078,0.231,0.413,0.24,0.114,0.329,77212
1629603,Mamadi Diakite,PF,0.4,0.06,0.099,0.893,0.0,0.667,0.043,0.05,0.028,0.045,0.095,0.056,0.058,0.625,0.602,0.448,0.138,0.511,368600
1641970,Maozinha Pereira,SF,0.2,0.072,0.455,0.688,0.385,0.7,0.348,0.366,0.028,0.159,0.429,0.167,0.199,0.662,0.566,0.393,0.138,0.472,
1630699,MarJon Beauchamp,SF,0.2,0.566,0.329,0.653,0.4,0.679,0.109,0.158,0.055,0.136,0.143,0.028,0.127,0.588,0.513,0.355,0.122,0.393,2609400
1631204,Marcus Sasser,PG,0.2,0.843,0.497,0.573,0.375,0.879,0.043,0.158,0.303,0.295,0.286,0.056,0.239,0.44,0.494,0.363,0.122,0.42,2624040
203935,Marcus Smart,PG,0.5,0.229,0.797,0.576,0.313,0.768,0.065,0.238,0.394,0.705,1.0,0.083,0.418,0.556,0.484,0.366,0.138,0.42,18833713
1631109,Mark Williams,C,0.15,0.217,0.706,0.869,0.0,0.719,0.87,0.564,0.11,0.205,0.381,0.306,0.366,0.551,0.626,0.411,0.163,0.562,3908160
1628365,Markelle Fultz,PG,0.3,0.506,0.556,0.632,0.222,0.697,0.283,0.188,0.257,0.273,0.476,0.083,0.225,0.616,0.523,0.38,0.146,0.431,17000000
202693,Markieff Morris,PF,0.75,0.301,0.211,0.452,0.357,0.833,0.043,0.129,0.055,0.114,0.095,0.028,0.072,0.5,0.457,0.326,0.122,0.351,2019706
1641806,Markquis Nowell,SG,0.25,0.0,0.083,0.0,0.0,1.0,0.435,0.0,0.183,0.0,0.476,0.0,0.058,0.787,1.0,1.0,0.138,1.0,
1629716,Marques Bolden,C,0.3,0.12,0.283,0.91,0.0,0.75,0.196,0.218,0.037,0.068,0.143,0.167,0.098,0.532,0.575,0.362,0.138,0.476,
1628963,Marvin Bagley III,C,0.25,0.59,0.553,0.784,0.391,0.762,0.565,0.356,0.101,0.273,0.19,0.194,0.337,0.477,0.566,0.394,0.171,0.521,12500000
1630222,Mason Jones,SG,0.3,0.048,0.136,0.335,0.286,0.5,0.043,0.079,0.092,0.091,0.095,0.0,0.04,0.537,0.454,0.323,0.138,0.341,
203486,Mason Plumlee,C,0.7,0.542,0.382,0.762,0.0,0.707,0.283,0.376,0.11,0.182,0.143,0.111,0.153,0.611,0.585,0.388,0.154,0.473,5000000
1629680,Matisse Thybulle,SF,0.35,0.771,0.602,0.531,0.346,0.759,0.109,0.158,0.128,0.136,0.81,0.222,0.156,0.435,0.526,0.408,0.211,0.402,10500000
1630346,Matt Ryan,SF,0.35,0.325,0.361,0.581,0.451,0.929,0.043,0.119,0.055,0.159,0.095,0.0,0.156,0.625,0.52,0.362,0.13,0.383,1500000
1631108,Max Christie,SG,0.05,0.795,0.366,0.572,0.356,0.783,0.043,0.188,0.083,0.114,0.143,0.083,0.121,0.588,0.497,0.35,0.106,0.375,1719864
1629622,Max Strus,SF,0.4,0.831,0.845,0.56,0.351,0.794,0.196,0.386,0.367,0.364,0.429,0.111,0.352,0.769,0.534,0.391,0.203,0.419,14487684
1628467,Maxi Kleber,C,0.65,0.506,0.532,0.578,0.348,0.702,0.152,0.257,0.147,0.159,0.19,0.194,0.127,0.736,0.532,0.381,0.154,0.381,11000000
1641721,Maxwell Lewis,SF,0.1,0.398,0.07,0.254,0.111,0.667,0.022,0.01,0.018,0.068,0.048,0.0,0.009,0.505,0.312,0.212,0.114,0.212,1119563
1630695,Micah Potter,PF,0.3,0.181,0.299,0.636,0.429,0.75,0.13,0.208,0.037,0.068,0.143,0.111,0.095,0.519,0.528,0.368,0.138,0.41,
1629008,Michael Porter Jr.,SF,0.3,0.964,0.837,0.648,0.397,0.836,0.283,0.564,0.138,0.25,0.238,0.194,0.481,0.87,0.56,0.401,0.244,0.469,33386850
1628969,Mikal Bridges,SF,0.4,0.976,0.92,0.584,0.372,0.814,0.174,0.366,0.33,0.455,0.476,0.111,0.565,0.495,0.524,0.394,0.236,0.462,21700000
201144,Mike Conley,PG,0.85,0.904,0.762,0.612,0.442,0.911,0.109,0.238,0.541,0.295,0.571,0.056,0.329,0.769,0.612,0.447,0.382,0.473,24360000
203488,Mike Muscala,C,0.65,0.627,0.291,0.481,0.292,0.68,0.152,0.158,0.064,0.091,0.095,0.056,0.086,0.523,0.475,0.326,0.098,0.363,4010730
1628970,Miles Bridges,SF,0.3,0.819,0.989,0.618,0.349,0.825,0.217,0.624,0.303,0.455,0.429,0.139,0.605,0.176,0.5,0.384,0.187,0.468,7921300
1630540,Miles McBride,PG,0.2,0.807,0.511,0.605,0.41,0.86,0.109,0.099,0.156,0.091,0.333,0.028,0.239,0.593,0.573,0.398,0.187,0.438,1836096
1629011,Mitchell Robinson,C,0.3,0.361,0.652,0.77,0.0,0.409,1.0,0.386,0.055,0.182,0.571,0.306,0.161,0.62,0.592,0.399,0.171,0.477,15681818
1628964,Mo Bamba,C,0.3,0.675,0.337,0.656,0.391,0.68,0.304,0.277,0.064,0.159,0.19,0.306,0.127,0.565,0.57,0.386,0.154,0.468,2019706
1628420,Monte Morris,PG,0.45,0.386,0.374,0.542,0.386,0.684,0.043,0.149,0.193,0.045,0.286,0.083,0.144,0.722,0.566,0.409,0.163,0.439,9800926
1629021,Moritz Wagner,C,0.35,0.952,0.463,0.805,0.33,0.814,0.326,0.287,0.11,0.273,0.238,0.083,0.314,0.657,0.618,0.427,0.252,0.537,8000000
1629650,Moses Brown,C,0.25,0.253,0.233,0.68,0.0,0.29,0.37,0.218,0.028,0.114,0.095,0.083,0.098,0.477,0.503,0.309,0.122,0.456,2019706
1630541,Moses Moody,SG,0.1,0.783,0.457,0.618,0.36,0.785,0.217,0.198,0.083,0.159,0.286,0.111,0.233,0.671,0.549,0.398,0.187,0.446,3918480
1631338,Mouhamadou Gueye,PF,0.3,0.12,0.281,0.387,0.0,0.444,0.239,0.099,0.046,0.25,0.143,0.444,0.069,0.264,0.35,0.234,0.114,0.325,
1631243,Mouhamed Gueye,PF,0.1,0.06,0.313,0.466,0.333,0.833,0.37,0.198,0.064,0.045,0.381,0.194,0.115,0.287,0.57,0.379,0.138,0.463,1119563
1631217,Moussa Diabate,C,0.15,0.12,0.144,0.704,0.0,0.643,0.304,0.079,0.037,0.045,0.238,0.028,0.075,0.593,0.668,0.448,0.146,0.592,
1626167,Myles Turner,C,0.4,0.916,0.711,0.701,0.358,0.773,0.326,0.545,0.119,0.318,0.238,0.528,0.493,0.736,0.575,0.412,0.26,0.52,20975000
1630230,Naji Marshall,SF,0.35,0.783,0.497,0.62,0.387,0.791,0.174,0.277,0.174,0.227,0.333,0.056,0.205,0.745,0.548,0.39,0.171,0.432,1930681
1629642,Nassir Little,SF,0.2,0.53,0.262,0.616,0.3,0.85,0.065,0.139,0.046,0.068,0.095,0.056,0.098,0.509,0.527,0.358,0.13,0.395,6250000
1630207,Nate Hinton,SG,0.25,0.169,0.123,0.566,0.5,0.8,0.109,0.099,0.064,0.045,0.095,0.028,0.063,0.644,0.618,0.449,0.146,0.497,
1641877,Nathan Mensah,C,0.3,0.289,0.318,0.574,0.0,0.75,0.261,0.139,0.037,0.136,0.095,0.167,0.037,0.356,0.486,0.277,0.098,0.33,
1629675,Naz Reid,C,0.25,0.964,0.636,0.639,0.414,0.736,0.196,0.426,0.119,0.318,0.381,0.25,0.389,0.745,0.564,0.42,0.276,0.476,12950400
1629674,Neemias Queta,C,0.25,0.325,0.307,0.862,0.0,0.714,0.413,0.248,0.064,0.114,0.238,0.222,0.159,0.824,0.675,0.42,0.163,0.568,331253
1629651,Nic Claxton,C,0.25,0.843,0.786,0.842,0.2,0.551,0.587,0.713,0.193,0.295,0.286,0.583,0.34,0.421,0.59,0.416,0.276,0.512,9625000
1630208,Nick Richards,C,0.35,0.795,0.69,0.925,0.0,0.737,0.565,0.545,0.073,0.25,0.19,0.306,0.28,0.306,0.58,0.368,0.13,0.485,5000000
1641733,Nick Smith Jr.,SG,0.0,0.602,0.372,0.523,0.432,0.867,0.087,0.109,0.11,0.182,0.095,0.028,0.17,0.426,0.439,0.318,0.081,0.371,2463960
1629638,Nickeil Alexander-Walker,SG,0.3,0.976,0.615,0.588,0.391,0.8,0.087,0.158,0.229,0.205,0.381,0.139,0.231,0.778,0.554,0.402,0.228,0.408,4687500
201587,Nicolas Batum,PF,0.8,0.711,0.671,0.606,0.395,0.714,0.261,0.297,0.193,0.159,0.381,0.167,0.153,0.741,0.55,0.394,0.187,0.399,11710818
203999,Nikola Jokic,C,0.45,0.94,0.914,0.78,0.359,0.817,0.609,0.941,0.826,0.682,0.667,0.25,0.761,1.0,0.707,0.583,1.0,0.675,47607350
1631107,Nikola Jovic,PF,0.05,0.542,0.511,0.605,0.399,0.702,0.109,0.356,0.183,0.205,0.238,0.083,0.222,0.75,0.55,0.404,0.179,0.434,2352000
1641730,Noah Clowney,PF,0.0,0.265,0.42,0.72,0.364,0.7,0.239,0.238,0.073,0.159,0.143,0.194,0.167,0.495,0.557,0.39,0.146,0.452,3089520
1626181,Norman Powell,SG,0.55,0.904,0.69,0.651,0.435,0.831,0.043,0.238,0.101,0.205,0.286,0.083,0.401,0.731,0.547,0.388,0.187,0.448,18000000
1628384,OG Anunoby,SF,0.35,0.59,0.898,0.655,0.382,0.753,0.196,0.317,0.193,0.364,0.667,0.194,0.424,0.963,0.526,0.391,0.187,0.434,18642857
1630167,Obi Toppin,PF,0.3,0.976,0.553,0.767,0.403,0.77,0.217,0.287,0.147,0.182,0.286,0.139,0.297,0.681,0.574,0.42,0.26,0.483,6803012
1630534,Ochai Agbaji,SG,0.2,0.928,0.551,0.55,0.294,0.661,0.196,0.178,0.101,0.182,0.286,0.167,0.167,0.454,0.47,0.338,0.057,0.366,4114200
1630846,Olivier Sarr,C,0.25,0.169,0.163,0.775,0.333,0.667,0.152,0.168,0.009,0.045,0.0,0.139,0.066,0.606,0.617,0.363,0.138,0.46,
1641765,Olivier-Maxence Prosper,PF,0.1,0.47,0.214,0.515,0.289,0.683,0.13,0.139,0.055,0.045,0.095,0.028,0.086,0.5,0.529,0.359,0.13,0.418,2733720
1630209,Omer Yurtseven,C,0.3,0.566,0.294,0.72,0.208,0.679,0.326,0.277,0.055,0.182,0.095,0.111,0.133,0.472,0.518,0.358,0.13,0.463,2800000
1641931,Onuralp Bitim,SG,0.25,0.265,0.302,0.51,0.273,0.8,0.065,0.109,0.055,0.091,0.048,0.028,0.101,0.509,0.446,0.297,0.106,0.33,500000
1630168,Onyeka Okongwu,C,0.2,0.651,0.671,0.818,0.333,0.793,0.565,0.416,0.119,0.182,0.238,0.306,0.294,0.574,0.59,0.394,0.179,0.488,8109063
1631115,Orlando Robinson,C,0.2,0.422,0.214,0.669,0.533,0.76,0.174,0.158,0.083,0.114,0.095,0.056,0.081,0.616,0.576,0.384,0.146,0.45,1801769
1631131,Oscar Tshiebwe,PF,0.25,0.084,0.128,0.669,0.0,0.75,0.217,0.099,0.028,0.0,0.143,0.028,0.095,0.685,0.645,0.43,0.138,0.593,
1629052,Oshae Brissett,SF,0.3,0.651,0.297,0.594,0.273,0.602,0.239,0.178,0.073,0.091,0.143,0.028,0.107,0.699,0.573,0.374,0.138,0.434,2165000
203490,Otto Porter Jr.,SF,0.55,0.169,0.299,0.568,0.348,1.0,0.087,0.149,0.046,0.023,0.143,0.083,0.075,0.671,0.524,0.355,0.13,0.379,6300000
1631172,Ousmane Dieng,PF,0.05,0.386,0.286,0.565,0.3,0.875,0.065,0.119,0.101,0.136,0.095,0.056,0.115,0.602,0.512,0.358,0.13,0.398,4798440
200782,P.J. Tucker,PF,0.95,0.361,0.409,0.482,0.371,1.0,0.196,0.178,0.046,0.068,0.238,0.056,0.049,0.565,0.522,0.35,0.122,0.342,11014500
1629023,P.J. Washington,PF,0.3,0.867,0.802,0.584,0.32,0.683,0.261,0.446,0.174,0.295,0.476,0.222,0.372,0.519,0.5,0.37,0.13,0.426,16847826
1631094,Paolo Banchero,PF,0.1,0.952,0.925,0.609,0.339,0.725,0.217,0.584,0.495,0.705,0.429,0.167,0.651,0.602,0.54,0.417,0.325,0.493,11608080
1627783,Pascal Siakam,PF,0.5,0.952,0.877,0.718,0.346,0.732,0.37,0.525,0.394,0.409,0.381,0.083,0.625,0.667,0.567,0.426,0.358,0.525,37893408
1626192,Pat Connaughton,SF,0.6,0.904,0.58,0.582,0.345,0.759,0.152,0.248,0.193,0.136,0.238,0.083,0.161,0.593,0.532,0.377,0.154,0.391,9423869
1630311,Pat Spencer,PG,0.4,0.06,0.104,0.669,0.0,0.0,0.065,0.03,0.073,0.045,0.0,0.0,0.02,0.556,0.535,0.311,0.138,0.389,
1631116,Patrick Baldwin Jr.,SF,0.1,0.446,0.337,0.51,0.32,0.679,0.087,0.277,0.073,0.114,0.238,0.111,0.127,0.574,0.483,0.336,0.114,0.393,2337720
201976,Patrick Beverley,PG,0.8,0.867,0.524,0.558,0.337,0.822,0.152,0.257,0.266,0.205,0.286,0.111,0.179,0.565,0.54,0.384,0.163,0.418,2019706
1630172,Patrick Williams,PF,0.15,0.506,0.719,0.593,0.399,0.788,0.239,0.277,0.138,0.295,0.429,0.222,0.288,0.588,0.506,0.368,0.13,0.41,9835881
201988,Patty Mills,PG,0.8,0.373,0.337,0.47,0.276,1.0,0.065,0.079,0.101,0.114,0.286,0.0,0.115,0.611,0.475,0.336,0.114,0.359,7267250
202331,Paul George,PF,0.7,0.88,0.893,0.631,0.413,0.907,0.109,0.465,0.321,0.477,0.714,0.139,0.651,0.889,0.58,0.444,0.407,0.52,45640084
1630194,Paul Reed,C,0.25,0.976,0.508,0.723,0.368,0.718,0.522,0.356,0.119,0.182,0.381,0.278,0.21,0.657,0.591,0.405,0.211,0.495,7723000
1630202,Payton Pritchard,PG,0.35,0.976,0.586,0.627,0.385,0.821,0.196,0.238,0.312,0.159,0.238,0.028,0.277,0.856,0.596,0.413,0.252,0.467,4037277
1631250,Pete Nance,PF,0.2,0.084,0.08,0.224,1.0,0.0,0.0,0.04,0.0,0.023,0.048,0.0,0.012,0.468,0.345,0.189,0.13,0.212,64343
1631212,Peyton Watson,SF,0.1,0.952,0.487,0.622,0.296,0.67,0.152,0.248,0.101,0.159,0.238,0.306,0.193,0.56,0.531,0.369,0.13,0.42,2303520
1630173,Precious Achiuwa,PF,0.25,0.88,0.575,0.671,0.268,0.616,0.565,0.396,0.119,0.25,0.286,0.25,0.219,0.574,0.55,0.38,0.154,0.458,4379527
1629656,Quentin Grimes,SG,0.2,0.602,0.527,0.498,0.338,0.756,0.065,0.168,0.119,0.114,0.333,0.028,0.202,0.565,0.516,0.369,0.13,0.382,2385720
1631245,Quenton Jackson,PG,0.3,0.024,0.083,0.0,0.0,1.0,0.0,0.129,0.064,0.0,0.143,0.0,0.02,0.602,0.63,0.445,0.138,0.477,
1630181,R.J. Hampton,PG,0.15,0.084,0.243,0.383,0.125,0.5,0.065,0.05,0.092,0.091,0.0,0.0,0.037,0.722,0.438,0.268,0.13,0.276,
1629628,RJ Barrett,SG,0.2,0.687,0.837,0.663,0.36,0.715,0.196,0.446,0.303,0.5,0.238,0.111,0.582,0.481,0.528,0.388,0.187,0.481,23883929
1630564,RaiQuan Gray,PF,0.25,0.024,0.337,0.787,0.429,0.0,0.152,0.168,0.183,0.068,0.143,0.083,0.222,0.819,0.618,0.502,0.146,0.565,
1641712,Rayan Rupert,SG,0.0,0.458,0.422,0.448,0.359,0.76,0.13,0.168,0.147,0.182,0.143,0.028,0.115,0.454,0.461,0.307,0.073,0.341,1119563
202704,Reggie Jackson,PG,0.7,0.976,0.583,0.577,0.359,0.806,0.087,0.149,0.349,0.295,0.238,0.028,0.294,0.648,0.513,0.355,0.089,0.419,5000000
1626158,Richaun Holmes,C,0.55,0.47,0.361,0.747,0.333,0.723,0.391,0.277,0.055,0.136,0.143,0.139,0.144,0.495,0.559,0.354,0.122,0.456,12046020
1641741,Ricky Council IV,SG,0.15,0.373,0.23,0.645,0.375,0.746,0.087,0.099,0.046,0.045,0.143,0.0,0.156,0.62,0.606,0.417,0.154,0.511,864353
203496,Robert Covington,SF,0.7,0.337,0.439,0.588,0.339,0.846,0.239,0.228,0.073,0.091,0.619,0.167,0.127,0.769,0.584,0.43,0.179,0.444,11692308
201577,Robin Lopez,C,0.8,0.181,0.096,0.493,0.25,1.0,0.043,0.01,0.028,0.023,0.048,0.056,0.032,0.537,0.474,0.315,0.13,0.351,2019706
1631199,Ron Harper Jr.,PF,0.2,0.0,0.088,0.0,0.0,0.0,0.0,0.0,0.092,0.0,0.0,0.0,0.0,0.185,0.538,0.277,0.138,0.264,
1626220,Royce O'Neale,SF,0.55,0.94,0.65,0.531,0.37,0.686,0.174,0.396,0.257,0.205,0.333,0.167,0.222,0.671,0.536,0.399,0.22,0.411,9500000
203497,Rudy Gobert,C,0.6,0.904,0.901,0.885,0.0,0.638,0.826,0.911,0.119,0.364,0.333,0.583,0.403,0.852,0.641,0.424,0.341,0.52,41000000
1629060,Rui Hachimura,PF,0.3,0.807,0.706,0.719,0.422,0.739,0.196,0.347,0.11,0.159,0.286,0.111,0.392,0.685,0.554,0.387,0.179,0.463,15740741
201566,Russell Westbrook,PG,0.8,0.807,0.591,0.608,0.273,0.688,0.304,0.366,0.413,0.477,0.524,0.083,0.32,0.671,0.521,0.406,0.22,0.479,3835738
1627853,Ryan Arcidiacono,PG,0.5,0.229,0.051,0.0,0.0,0.0,0.0,0.04,0.018,0.023,0.048,0.0,0.0,0.606,0.397,0.266,0.13,0.237,2019706
1631157,Ryan Rollins,PG,0.1,0.145,0.15,0.695,0.75,0.765,0.043,0.079,0.101,0.136,0.381,0.056,0.098,0.824,0.592,0.479,0.154,0.556,1719864
1630240,Saben Lee,PG,0.25,0.277,0.195,0.487,0.125,0.744,0.087,0.089,0.119,0.068,0.143,0.028,0.086,0.63,0.547,0.38,0.138,0.443,
1630180,Saddiq Bey,SF,0.25,0.747,0.864,0.557,0.316,0.837,0.587,0.386,0.138,0.205,0.381,0.056,0.395,0.588,0.533,0.374,0.146,0.438,4556983
1630573,Sam Hauser,SF,0.35,0.94,0.578,0.597,0.424,0.895,0.13,0.287,0.092,0.091,0.238,0.083,0.259,0.889,0.575,0.416,0.252,0.436,1927896
1630241,Sam Merrill,SG,0.4,0.723,0.457,0.538,0.404,0.929,0.087,0.158,0.165,0.068,0.143,0.028,0.231,0.625,0.568,0.406,0.195,0.438,1997238
1630572,Sandro Mamukelashvili,C,0.25,0.542,0.251,0.631,0.297,0.735,0.217,0.218,0.101,0.091,0.095,0.083,0.118,0.648,0.556,0.393,0.154,0.473,2019706
1630583,Santi Aldama,PF,0.2,0.723,0.698,0.582,0.349,0.621,0.261,0.455,0.211,0.25,0.333,0.25,0.308,0.394,0.524,0.397,0.195,0.438,2194200
1628426,Sasha Vezenkov,PF,0.45,0.494,0.316,0.589,0.375,0.8,0.152,0.158,0.046,0.068,0.238,0.056,0.156,0.602,0.546,0.387,0.146,0.44,6341464
1630703,Scoot Henderson,PG,0.0,0.735,0.751,0.515,0.325,0.819,0.196,0.228,0.495,0.773,0.381,0.056,0.403,0.231,0.432,0.319,0.0,0.39,9770880
1630567,Scottie Barnes,SG,0.15,0.711,0.922,0.636,0.341,0.781,0.522,0.584,0.56,0.636,0.619,0.417,0.573,0.491,0.546,0.451,0.382,0.523,8008680
1630590,Scotty Pippen Jr.,PG,0.2,0.241,0.66,0.66,0.417,0.745,0.217,0.208,0.431,0.614,0.81,0.139,0.372,0.444,0.54,0.417,0.171,0.481,
203552,Seth Curry,SG,0.7,0.518,0.364,0.525,0.352,0.903,0.087,0.109,0.092,0.114,0.238,0.028,0.147,0.667,0.5,0.354,0.122,0.395,4000000
1641754,Seth Lundy,SF,0.2,0.096,0.144,0.315,0.231,0.75,0.022,0.069,0.0,0.023,0.0,0.0,0.046,0.537,0.394,0.223,0.13,0.264,
1631101,Shaedon Sharpe,SG,0.05,0.373,0.874,0.544,0.333,0.824,0.283,0.366,0.266,0.523,0.429,0.111,0.458,0.245,0.486,0.361,0.122,0.415,6313800
1628983,Shai Gilgeous-Alexander,PG,0.3,0.892,0.898,0.716,0.353,0.874,0.196,0.465,0.569,0.5,0.952,0.25,0.867,0.981,0.688,0.524,0.715,0.653,33386850
1629003,Shake Milton,SG,0.4,0.566,0.313,0.542,0.281,0.816,0.065,0.129,0.119,0.136,0.19,0.028,0.13,0.556,0.506,0.348,0.114,0.386,5475908
1627885,Shaquille Harrison,SG,0.55,0.024,0.043,0.669,0.0,0.0,0.0,0.069,0.0,0.0,0.0,0.083,0.02,0.431,0.54,0.463,0.138,0.475,
1631321,Sidy Cissoko,SF,0.0,0.133,0.302,0.649,0.083,0.8,0.152,0.119,0.073,0.068,0.286,0.083,0.11,0.699,0.556,0.362,0.138,0.423,1119563
1631323,Simone Fontecchio,SF,0.45,0.783,0.655,0.616,0.401,0.818,0.217,0.277,0.138,0.227,0.333,0.083,0.303,0.583,0.517,0.386,0.171,0.424,3044872
1630219,Skylar Mays,PG,0.35,0.446,0.294,0.53,0.296,0.765,0.065,0.089,0.202,0.114,0.286,0.028,0.118,0.477,0.503,0.372,0.138,0.423,1799163
203915,Spencer Dinwiddie,PG,0.55,0.904,0.746,0.525,0.337,0.805,0.087,0.228,0.431,0.273,0.333,0.083,0.303,0.644,0.533,0.373,0.146,0.419,21911797
1630649,Stanley Umude,SG,0.25,0.277,0.332,0.589,0.453,0.906,0.065,0.178,0.046,0.136,0.143,0.083,0.153,0.458,0.536,0.377,0.138,0.415,538460
201939,Stephen Curry,PG,0.8,0.88,0.864,0.602,0.408,0.923,0.109,0.396,0.468,0.636,0.333,0.111,0.761,0.722,0.582,0.472,0.496,0.537,51915615
1629004,Svi Mykhailiuk,SF,0.35,0.482,0.259,0.557,0.389,0.667,0.065,0.099,0.083,0.068,0.143,0.0,0.115,0.769,0.553,0.374,0.138,0.419,2019706
204456,T.J. McConnell,PG,0.6,0.843,0.476,0.744,0.409,0.79,0.109,0.218,0.505,0.341,0.476,0.028,0.294,0.662,0.582,0.441,0.268,0.541,8700000
203933,T.J. Warren,SF,0.55,0.12,0.291,0.588,0.154,0.75,0.109,0.149,0.073,0.091,0.19,0.028,0.107,0.815,0.516,0.337,0.13,0.386,452693
201959,Taj Gibson,PF,0.95,0.229,0.262,0.542,0.2,1.0,0.13,0.129,0.055,0.068,0.095,0.111,0.049,0.532,0.503,0.326,0.122,0.342,2961636
1629659,Talen Horton-Tucker,PG,0.2,0.602,0.519,0.53,0.33,0.807,0.087,0.198,0.321,0.295,0.429,0.111,0.291,0.505,0.499,0.383,0.154,0.442,11020000
1631106,Tari Eason,PF,0.15,0.253,0.572,0.624,0.36,0.636,0.457,0.485,0.11,0.205,0.667,0.25,0.282,0.787,0.568,0.422,0.171,0.491,3527160
1627752,Taurean Prince,PF,0.5,0.928,0.711,0.592,0.396,0.735,0.065,0.267,0.138,0.205,0.333,0.111,0.256,0.532,0.502,0.361,0.106,0.381,4516000
1641707,Taylor Hendricks,PF,0.05,0.47,0.561,0.602,0.379,0.793,0.261,0.347,0.073,0.159,0.333,0.222,0.21,0.426,0.524,0.377,0.146,0.42,5569920
1631386,Taze Moore,SG,0.3,0.036,0.259,0.564,0.143,0.5,0.217,0.099,0.119,0.182,0.238,0.0,0.13,0.347,0.454,0.356,0.138,0.42,64343
1629611,Terance Mann,SG,0.4,0.892,0.658,0.689,0.348,0.832,0.261,0.218,0.147,0.136,0.286,0.056,0.254,0.634,0.553,0.379,0.154,0.423,10576923
1631173,Terquavion Smith,PG,0.1,0.181,0.131,0.523,0.371,0.6,0.0,0.03,0.073,0.091,0.238,0.0,0.095,0.583,0.508,0.411,0.146,0.46,
1626179,Terry Rozier,PG,0.5,0.723,0.882,0.593,0.363,0.869,0.13,0.347,0.514,0.386,0.476,0.083,0.571,0.38,0.541,0.42,0.285,0.493,23205221
1630678,Terry Taylor,PF,0.25,0.361,0.152,0.687,0.222,0.8,0.109,0.059,0.028,0.045,0.095,0.028,0.043,0.625,0.524,0.355,0.138,0.398,2019706
201152,Thaddeus Young,PF,0.8,0.386,0.345,0.806,0.143,0.4,0.304,0.168,0.156,0.114,0.333,0.056,0.121,0.546,0.578,0.404,0.154,0.475,8638413
203648,Thanasis Antetokounmpo,PF,0.6,0.398,0.112,0.714,0.0,0.0,0.043,0.02,0.046,0.091,0.095,0.028,0.026,0.546,0.46,0.311,0.122,0.337,2019706
1630177,Theo Maledon,PG,0.15,0.193,0.324,0.383,0.167,0.933,0.043,0.119,0.147,0.25,0.19,0.0,0.101,0.426,0.37,0.257,0.098,0.306,
1628418,Thomas Bryant,C,0.35,0.446,0.299,0.772,0.182,0.872,0.239,0.267,0.055,0.136,0.143,0.111,0.164,0.616,0.61,0.394,0.154,0.516,2528233
203501,Tim Hardaway Jr.,SF,0.6,0.94,0.706,0.538,0.353,0.852,0.065,0.287,0.165,0.205,0.238,0.028,0.415,0.611,0.508,0.359,0.098,0.424,17897728
1641851,Timmy Allen,SF,0.25,0.048,0.66,0.349,0.0,0.5,0.174,0.257,0.092,0.091,0.381,0.0,0.075,0.0,0.435,0.245,0.114,0.275,
202699,Tobias Harris,PF,0.6,0.831,0.893,0.652,0.353,0.878,0.239,0.525,0.284,0.295,0.476,0.194,0.496,0.75,0.565,0.412,0.276,0.483,39270150
1628470,Torrey Craig,SF,0.7,0.627,0.519,0.576,0.392,0.75,0.283,0.277,0.101,0.136,0.286,0.111,0.164,0.444,0.538,0.372,0.138,0.407,2528233
1641787,Tosan Evbuomwan,SF,0.15,0.193,0.567,0.679,0.375,0.68,0.239,0.248,0.083,0.114,0.19,0.083,0.17,0.255,0.525,0.358,0.13,0.395,135120
1641739,Toumani Camara,PF,0.2,0.831,0.652,0.602,0.337,0.758,0.435,0.287,0.11,0.273,0.429,0.139,0.216,0.477,0.512,0.356,0.098,0.405,1119563
1629027,Trae Young,PG,0.3,0.639,0.952,0.576,0.373,0.855,0.087,0.228,0.991,1.0,0.619,0.056,0.741,0.505,0.559,0.436,0.317,0.533,40064220
1631218,Trayce Jackson-Davis,PF,0.2,0.807,0.433,0.94,0.0,0.561,0.435,0.297,0.11,0.159,0.19,0.306,0.228,0.625,0.632,0.438,0.252,0.55,1119563
1630200,Tre Jones,PG,0.25,0.916,0.733,0.676,0.335,0.856,0.174,0.297,0.569,0.341,0.476,0.028,0.288,0.588,0.557,0.394,0.211,0.459,9895833
1630544,Tre Mann,PG,0.15,0.482,0.634,0.614,0.373,0.763,0.109,0.307,0.367,0.364,0.571,0.028,0.268,0.458,0.514,0.381,0.154,0.446,3191400
1630570,Trendon Watford,PF,0.2,0.747,0.353,0.705,0.397,0.794,0.174,0.228,0.119,0.227,0.19,0.083,0.199,0.546,0.548,0.393,0.163,0.472,2019706
1630235,Trent Forrest,SG,0.3,0.446,0.281,0.506,0.2,0.765,0.065,0.109,0.22,0.114,0.143,0.028,0.063,0.486,0.49,0.338,0.114,0.382,533945
1630243,Trevelin Queen,SG,0.35,0.157,0.305,0.493,0.176,0.75,0.043,0.119,0.119,0.114,0.238,0.111,0.084,0.574,0.513,0.352,0.13,0.374,
1641998,Trey Jemison,C,0.25,0.289,0.604,0.738,0.0,0.84,0.565,0.277,0.101,0.318,0.238,0.306,0.196,0.398,0.526,0.329,0.098,0.42,
1626168,Trey Lyles,PF,0.45,0.687,0.524,0.596,0.384,0.7,0.239,0.337,0.11,0.159,0.143,0.083,0.207,0.745,0.546,0.384,0.163,0.422,8000000
1630530,Trey Murphy III,SF,0.2,0.675,0.783,0.593,0.38,0.815,0.152,0.416,0.202,0.136,0.429,0.139,0.427,0.815,0.591,0.434,0.293,0.48,3359280
202684,Tristan Thompson,C,0.65,0.578,0.289,0.821,0.0,0.288,0.326,0.208,0.092,0.136,0.095,0.083,0.095,0.588,0.563,0.38,0.146,0.448,2019706
1641774,Tristan Vukcevic,C,0.05,0.108,0.398,0.58,0.278,0.773,0.13,0.297,0.119,0.227,0.238,0.194,0.245,0.75,0.504,0.35,0.13,0.448,2424892
1628972,Troy Brown Jr.,SF,0.25,0.699,0.364,0.498,0.333,0.865,0.087,0.198,0.092,0.114,0.19,0.028,0.121,0.5,0.506,0.363,0.13,0.381,4000000
1629660,Ty Jerome,SG,0.35,0.012,0.187,0.669,0.0,0.0,0.109,0.0,0.138,0.114,0.0,0.0,0.058,0.278,0.5,0.331,0.138,0.365,2439025
1631102,TyTy Washington Jr.,PG,0.15,0.12,0.126,0.402,0.333,0.0,0.022,0.04,0.046,0.045,0.143,0.0,0.037,0.546,0.41,0.286,0.13,0.325,2320440
1629639,Tyler Herro,SG,0.25,0.494,0.885,0.59,0.396,0.856,0.109,0.475,0.413,0.5,0.333,0.028,0.599,0.634,0.522,0.411,0.22,0.472,27000000
1630169,Tyrese Haliburton,PG,0.2,0.819,0.85,0.639,0.364,0.855,0.109,0.337,1.0,0.523,0.571,0.194,0.579,0.801,0.624,0.495,0.545,0.573,5808435
1630178,Tyrese Maxey,PG,0.2,0.831,0.992,0.602,0.373,0.868,0.109,0.317,0.569,0.386,0.476,0.139,0.746,0.801,0.586,0.442,0.415,0.527,4343920
1626145,Tyus Jones,PG,0.4,0.783,0.773,0.655,0.414,0.8,0.065,0.238,0.67,0.227,0.524,0.083,0.346,0.255,0.558,0.409,0.244,0.483,14000000
1628962,Udoka Azubuike,C,0.25,0.181,0.179,0.932,0.0,0.231,0.152,0.129,0.018,0.068,0.048,0.111,0.063,0.463,0.548,0.355,0.138,0.427,
1630586,Usman Garuba,PF,0.1,0.06,0.07,0.224,0.0,0.5,0.109,0.069,0.018,0.068,0.095,0.139,0.014,0.519,0.369,0.248,0.138,0.357,2600008
203995,Vasilije Micic,PG,0.55,0.711,0.513,0.576,0.279,0.813,0.043,0.119,0.404,0.386,0.238,0.028,0.202,0.546,0.48,0.336,0.073,0.406,7723000
1641705,Victor Wembanyama,C,0.05,0.843,0.783,0.622,0.325,0.796,0.5,0.832,0.358,0.841,0.571,1.0,0.617,0.509,0.536,0.472,0.447,0.57,12160680
1631246,Vince Williams Jr.,SG,0.2,0.614,0.727,0.597,0.378,0.8,0.239,0.436,0.312,0.409,0.429,0.194,0.288,0.519,0.542,0.39,0.179,0.434,2232308
1630249,Vit Krejci,PG,0.2,0.253,0.647,0.656,0.412,0.833,0.109,0.188,0.211,0.205,0.286,0.083,0.176,0.602,0.513,0.348,0.122,0.375,
1631117,Walker Kessler,C,0.15,0.759,0.612,0.876,0.211,0.602,0.565,0.485,0.083,0.227,0.238,0.667,0.233,0.495,0.573,0.412,0.228,0.503,2831160
1628976,Wendell Carter Jr.,C,0.25,0.651,0.674,0.703,0.374,0.694,0.435,0.485,0.156,0.273,0.286,0.139,0.317,0.644,0.587,0.412,0.22,0.475,13050000
1631111,Wendell Moore Jr.,SG,0.15,0.289,0.07,0.669,0.0,0.0,0.0,0.05,0.018,0.045,0.095,0.0,0.02,0.593,0.51,0.361,0.138,0.378,2421720
1629117,Wenyen Gabriel,PF,0.35,0.048,0.422,0.487,0.167,0.0,0.304,0.356,0.055,0.364,0.19,0.111,0.098,0.454,0.37,0.226,0.122,0.294,
202083,Wesley Matthews,SG,0.9,0.422,0.297,0.47,0.348,0.75,0.065,0.119,0.055,0.045,0.19,0.083,0.089,0.514,0.507,0.361,0.13,0.373,2019706
1629875,Xavier Moon,SG,0.5,0.157,0.217,0.436,0.118,0.5,0.13,0.069,0.138,0.091,0.095,0.056,0.069,0.481,0.447,0.315,0.13,0.371,
1629139,Yuta Watanabe,SF,0.5,0.398,0.356,0.473,0.294,0.588,0.065,0.129,0.037,0.136,0.19,0.056,0.098,0.514,0.461,0.311,0.098,0.326,2346614
1628380,Zach Collins,C,0.35,0.819,0.58,0.648,0.32,0.753,0.37,0.366,0.257,0.432,0.238,0.222,0.323,0.338,0.514,0.372,0.138,0.454,7700000
203897,Zach LaVine,SG,0.45,0.289,0.922,0.605,0.349,0.854,0.065,0.475,0.358,0.477,0.381,0.083,0.562,0.431,0.532,0.401,0.179,0.464,40064220
1630285,Zavier Simpson,PG,0.35,0.072,0.607,0.422,0.294,0.75,0.13,0.228,0.33,0.318,0.476,0.111,0.173,0.412,0.431,0.318,0.122,0.347,
1630192,Zeke Nnaji,PF,0.2,0.687,0.254,0.62,0.261,0.677,0.239,0.109,0.055,0.114,0.143,0.194,0.092,0.468,0.547,0.348,0.122,0.428,4306281
1630533,Ziaire Williams,SF,0.15,0.602,0.532,0.531,0.307,0.827,0.152,0.277,0.138,0.295,0.333,0.056,0.236,0.38,0.476,0.337,0.089,0.387,4810200
1629627,Zion Williamson,PF,0.2,0.831,0.832,0.763,0.333,0.702,0.37,0.406,0.459,0.636,0.524,0.194,0.66,0.694,0.599,0.452,0.407,0.566,34005250
