PLAYER_ID,PLAYER_NAME,GP,MIN,FGM,FGA,FG_PCT,FG3M,FG3A,FG3_PCT,FTM,FTA,OREB,DREB,REB,AST,TOV,STL,BLK,PTS,PLUS_MINUS,SALARY
1630639,A.J. Lawson,0.494,0.187,0.113,0.123,0.597,0.062,0.102,0.26,0.039,0.043,0.065,0.089,0.088,0.046,0.068,0.095,0.028,0.092,0.62,1000000
1631260,AJ Green,0.663,0.283,0.13,0.148,0.566,0.25,0.254,0.408,0.029,0.026,0.043,0.099,0.08,0.046,0.045,0.095,0.028,0.13,0.644,
1631100,AJ Griffin,0.229,0.217,0.078,0.131,0.388,0.104,0.169,0.256,0.01,0.009,0.022,0.079,0.066,0.028,0.091,0.048,0.028,0.069,0.481,3712920
203932,Aaron Gordon,0.867,0.832,0.478,0.415,0.744,0.104,0.161,0.29,0.235,0.319,0.522,0.406,0.474,0.321,0.318,0.381,0.167,0.401,0.87,22266182
1628988,Aaron Holiday,0.928,0.425,0.209,0.225,0.597,0.229,0.237,0.387,0.069,0.069,0.065,0.129,0.117,0.165,0.159,0.238,0.028,0.19,0.653,2019706
1630174,Aaron Nesmith,0.855,0.73,0.383,0.373,0.664,0.396,0.39,0.419,0.147,0.164,0.196,0.287,0.277,0.138,0.205,0.429,0.194,0.352,0.704,5634257
1630598,Aaron Wiggins,0.928,0.409,0.235,0.203,0.752,0.167,0.136,0.492,0.069,0.078,0.174,0.158,0.175,0.101,0.159,0.333,0.056,0.199,0.657,1836096
1641745,Adam Flagler,0.012,0.176,0.043,0.148,0.191,0.104,0.254,0.167,0.0,0.0,0.0,0.0,0.0,0.183,0.0,0.0,0.0,0.043,0.602,
1641766,Adama Sanogo,0.096,0.184,0.139,0.127,0.695,0.0,0.0,0.0,0.088,0.112,0.457,0.188,0.292,0.0,0.136,0.048,0.0,0.115,0.778,
1629678,Admiral Schofield,0.265,0.088,0.035,0.047,0.515,0.062,0.059,0.375,0.0,0.009,0.022,0.059,0.051,0.028,0.045,0.0,0.0,0.032,0.574,
201143,Al Horford,0.771,0.706,0.287,0.271,0.684,0.354,0.339,0.419,0.039,0.043,0.283,0.505,0.467,0.239,0.159,0.286,0.278,0.248,0.903,10000000
202692,Alec Burks,0.783,0.481,0.278,0.364,0.494,0.396,0.424,0.376,0.216,0.216,0.087,0.188,0.168,0.119,0.159,0.19,0.056,0.3,0.421,10489600
1630197,Aleksej Pokusevski,0.325,0.377,0.157,0.182,0.542,0.125,0.169,0.327,0.108,0.129,0.13,0.257,0.234,0.119,0.159,0.238,0.139,0.15,0.481,5574809
1627936,Alex Caruso,0.843,0.757,0.313,0.322,0.627,0.396,0.398,0.408,0.098,0.121,0.196,0.297,0.277,0.321,0.318,0.81,0.278,0.291,0.606,9460000
1641788,Alex Fudge,0.06,0.168,0.087,0.106,0.535,0.042,0.068,0.2,0.029,0.026,0.152,0.02,0.058,0.0,0.068,0.238,0.0,0.072,0.301,
203458,Alex Len,0.566,0.238,0.087,0.072,0.826,0.0,0.008,0.0,0.039,0.06,0.217,0.168,0.197,0.092,0.136,0.095,0.194,0.072,0.741,2019706
1631214,Alondes Williams,0.072,0.048,0.026,0.047,0.335,0.0,0.051,0.0,0.01,0.009,0.0,0.01,0.007,0.0,0.068,0.0,0.028,0.02,0.468,
1630578,Alperen Sengun,0.747,0.858,0.73,0.661,0.719,0.104,0.153,0.297,0.382,0.483,0.63,0.634,0.679,0.459,0.591,0.571,0.194,0.608,0.639,3536280
1641735,Amari Bailey,0.108,0.163,0.07,0.102,0.446,0.021,0.068,0.125,0.059,0.06,0.13,0.03,0.066,0.064,0.091,0.143,0.0,0.066,0.625,
1641708,Amen Thompson,0.735,0.588,0.339,0.305,0.718,0.021,0.076,0.138,0.167,0.216,0.522,0.416,0.482,0.239,0.341,0.619,0.167,0.274,0.634,8809320
1629599,Amir Coffey,0.831,0.548,0.209,0.212,0.632,0.208,0.22,0.38,0.088,0.086,0.087,0.168,0.153,0.101,0.114,0.286,0.056,0.19,0.542,3666667
203083,Andre Drummond,0.94,0.447,0.296,0.258,0.744,0.0,0.0,0.0,0.157,0.241,0.739,0.554,0.657,0.046,0.227,0.429,0.167,0.242,0.616,3360000
1641748,Andre Jackson Jr.,0.675,0.257,0.078,0.076,0.669,0.062,0.068,0.37,0.01,0.017,0.174,0.119,0.146,0.083,0.114,0.143,0.028,0.063,0.528,1119563
1641847,Andrew Funk,0.048,0.061,0.0,0.034,0.0,0.0,0.051,0.0,0.0,0.0,0.0,0.0,0.0,0.0,0.0,0.095,0.056,0.0,0.639,
1629614,Andrew Nembhard,0.807,0.658,0.33,0.326,0.667,0.188,0.212,0.357,0.069,0.069,0.109,0.149,0.153,0.376,0.341,0.429,0.028,0.265,0.648,2131905
203952,Andrew Wiggins,0.843,0.711,0.435,0.466,0.606,0.271,0.305,0.358,0.196,0.233,0.326,0.297,0.328,0.156,0.273,0.286,0.167,0.38,0.565,24330357
1629014,Anfernee Simons,0.542,0.909,0.678,0.771,0.576,0.708,0.746,0.385,0.343,0.336,0.109,0.317,0.263,0.505,0.614,0.238,0.028,0.651,0.269,24107143
1641710,Anthony Black,0.819,0.441,0.148,0.153,0.624,0.104,0.119,0.394,0.069,0.103,0.109,0.149,0.146,0.119,0.182,0.238,0.083,0.133,0.579,7245480
203076,Anthony Davis,0.904,0.939,0.817,0.716,0.744,0.083,0.119,0.271,0.539,0.586,0.674,0.941,0.92,0.321,0.477,0.571,0.639,0.712,0.694,40600080
1630162,Anthony Edwards,0.94,0.928,0.791,0.835,0.617,0.5,0.568,0.357,0.529,0.552,0.152,0.475,0.394,0.468,0.705,0.619,0.139,0.746,0.856,13534817
1630264,Anthony Gill,0.59,0.238,0.13,0.136,0.628,0.042,0.068,0.244,0.059,0.06,0.152,0.109,0.139,0.064,0.114,0.143,0.056,0.11,0.606,1997238
1629717,Armoni Brooks,0.108,0.267,0.13,0.195,0.436,0.229,0.271,0.344,0.01,0.017,0.152,0.109,0.131,0.046,0.068,0.048,0.028,0.121,0.731,
1630204,Ashton Hagans,0.217,0.433,0.13,0.157,0.546,0.083,0.11,0.32,0.069,0.078,0.152,0.158,0.175,0.257,0.364,0.286,0.139,0.121,0.593,103550
1641709,Ausar Thompson,0.747,0.66,0.322,0.322,0.647,0.062,0.153,0.186,0.108,0.164,0.435,0.426,0.467,0.174,0.295,0.524,0.25,0.254,0.431,7977480
1630559,Austin Reaves,0.976,0.848,0.487,0.487,0.651,0.396,0.432,0.367,0.275,0.284,0.152,0.356,0.314,0.505,0.477,0.381,0.083,0.458,0.579,12015150
1630245,Ayo Dosunmu,0.904,0.767,0.409,0.403,0.671,0.333,0.331,0.403,0.108,0.121,0.152,0.208,0.204,0.294,0.318,0.429,0.139,0.352,0.505,6481482
1628389,Bam Adebayo,0.843,0.898,0.652,0.606,0.697,0.042,0.051,0.357,0.402,0.474,0.478,0.802,0.759,0.358,0.523,0.524,0.25,0.556,0.634,32600060
1641767,Ben Sheppard,0.675,0.372,0.139,0.169,0.526,0.188,0.229,0.314,0.039,0.043,0.065,0.129,0.117,0.083,0.068,0.286,0.0,0.127,0.657,2537160
1627732,Ben Simmons,0.169,0.628,0.252,0.208,0.778,0.0,0.0,0.0,0.039,0.086,0.457,0.584,0.577,0.523,0.409,0.381,0.167,0.176,0.486,37893408
1631097,Bennedict Mathurin,0.699,0.687,0.435,0.475,0.597,0.292,0.305,0.374,0.304,0.328,0.217,0.287,0.292,0.183,0.364,0.286,0.056,0.418,0.528,6916080
1641731,Bilal Coulibaly,0.747,0.717,0.261,0.292,0.582,0.208,0.246,0.346,0.147,0.181,0.196,0.317,0.299,0.156,0.318,0.429,0.222,0.242,0.292,6614280
202687,Bismack Biyombo,0.47,0.519,0.165,0.14,0.756,0.0,0.0,0.0,0.069,0.121,0.348,0.366,0.38,0.119,0.25,0.143,0.25,0.127,0.528,5754488
1631104,Blake Wesley,0.723,0.374,0.148,0.148,0.635,0.042,0.076,0.218,0.088,0.112,0.065,0.119,0.109,0.248,0.205,0.238,0.028,0.127,0.491,2504640
1626246,Boban Marjanovic,0.157,0.126,0.113,0.102,0.708,0.0,0.008,0.0,0.059,0.086,0.109,0.178,0.168,0.037,0.091,0.048,0.028,0.092,0.537,2019706
1626171,Bobby Portis,0.976,0.644,0.496,0.475,0.68,0.25,0.254,0.407,0.118,0.129,0.37,0.564,0.54,0.119,0.25,0.381,0.111,0.398,0.597,11710818
203992,Bogdan Bogdanovic,0.94,0.802,0.522,0.589,0.573,0.625,0.686,0.374,0.186,0.181,0.152,0.277,0.248,0.284,0.318,0.571,0.083,0.487,0.676,18700000
202711,Bojan Bogdanovic,0.675,0.682,0.47,0.504,0.608,0.479,0.5,0.398,0.206,0.224,0.087,0.228,0.197,0.156,0.409,0.238,0.028,0.438,0.319,20000000
1629626,Bol Bol,0.506,0.281,0.191,0.148,0.825,0.104,0.102,0.423,0.029,0.034,0.152,0.238,0.234,0.037,0.091,0.095,0.167,0.15,0.616,2019706
1630538,Bones Hyland,0.434,0.38,0.226,0.288,0.517,0.25,0.305,0.326,0.049,0.052,0.022,0.139,0.109,0.229,0.273,0.333,0.028,0.199,0.519,2306400
203078,Bradley Beal,0.627,0.88,0.617,0.589,0.687,0.396,0.373,0.43,0.206,0.216,0.217,0.337,0.321,0.459,0.568,0.476,0.139,0.524,0.694,46741590
1641764,Brandin Podziemski,0.88,0.701,0.322,0.343,0.608,0.25,0.271,0.385,0.069,0.095,0.348,0.416,0.423,0.339,0.273,0.381,0.056,0.265,0.769,3352440
1630527,Brandon Boston Jr.,0.373,0.278,0.174,0.212,0.541,0.083,0.136,0.269,0.069,0.086,0.13,0.099,0.117,0.037,0.182,0.143,0.083,0.15,0.44,1836096
1629634,Brandon Clarke,0.06,0.588,0.478,0.415,0.748,0.042,0.085,0.167,0.02,0.103,0.478,0.317,0.387,0.138,0.114,0.381,0.278,0.326,0.542,12500000
1627742,Brandon Ingram,0.759,0.869,0.678,0.674,0.659,0.271,0.322,0.355,0.373,0.414,0.152,0.436,0.372,0.523,0.568,0.381,0.167,0.599,0.727,33833400
1641706,Brandon Miller,0.88,0.85,0.557,0.619,0.589,0.521,0.568,0.373,0.186,0.198,0.174,0.337,0.314,0.22,0.409,0.429,0.167,0.499,0.282,10880400
1630314,Brandon Williams,0.193,0.166,0.104,0.136,0.495,0.042,0.076,0.2,0.059,0.086,0.043,0.05,0.058,0.092,0.091,0.048,0.028,0.092,0.444,
1630296,Braxton Key,0.229,0.07,0.035,0.038,0.552,0.021,0.025,0.4,0.029,0.034,0.043,0.079,0.066,0.046,0.023,0.048,0.028,0.032,0.574,
1641729,Brice Sensabaugh,0.373,0.479,0.235,0.288,0.522,0.229,0.305,0.296,0.118,0.112,0.109,0.267,0.234,0.156,0.341,0.19,0.056,0.216,0.352,2448600
201572,Brook Lopez,0.94,0.805,0.4,0.407,0.649,0.396,0.432,0.366,0.137,0.147,0.326,0.366,0.38,0.147,0.227,0.238,0.667,0.36,0.764,25000000
1628971,Bruce Brown,0.795,0.733,0.357,0.369,0.64,0.167,0.203,0.323,0.167,0.181,0.174,0.337,0.307,0.266,0.295,0.429,0.083,0.311,0.444,22000000
1628981,Bruno Fernando,0.53,0.396,0.209,0.178,0.78,0.0,0.008,0.0,0.137,0.181,0.283,0.297,0.314,0.092,0.227,0.286,0.167,0.182,0.505,2581522
1631121,Bryce McGowens,0.699,0.388,0.148,0.165,0.588,0.125,0.144,0.333,0.108,0.121,0.065,0.139,0.124,0.083,0.114,0.19,0.056,0.147,0.421,1719864
1631205,Buddy Boeheim,0.108,0.214,0.078,0.123,0.415,0.167,0.212,0.32,0.078,0.086,0.065,0.069,0.073,0.028,0.0,0.0,0.028,0.098,0.699,
1627741,Buddy Hield,1.0,0.676,0.383,0.428,0.584,0.542,0.576,0.386,0.059,0.06,0.152,0.248,0.234,0.257,0.273,0.381,0.139,0.349,0.639,19845098
203468,CJ McCollum,0.783,0.864,0.635,0.678,0.614,0.75,0.712,0.429,0.167,0.181,0.13,0.366,0.314,0.422,0.386,0.429,0.167,0.576,0.741,35802469
1630595,Cade Cunningham,0.735,0.885,0.739,0.797,0.601,0.396,0.458,0.355,0.373,0.379,0.109,0.376,0.314,0.688,0.773,0.429,0.111,0.654,0.343,11055360
1631216,Caleb Houstan,0.699,0.358,0.122,0.148,0.519,0.25,0.28,0.373,0.039,0.034,0.109,0.089,0.102,0.046,0.068,0.143,0.028,0.124,0.579,2000000
1628997,Caleb Martin,0.759,0.722,0.33,0.369,0.577,0.271,0.305,0.349,0.118,0.129,0.261,0.317,0.321,0.202,0.273,0.333,0.139,0.288,0.648,6802950
1629629,Cam Reddish,0.566,0.537,0.165,0.208,0.521,0.167,0.195,0.336,0.088,0.095,0.13,0.149,0.153,0.092,0.136,0.476,0.083,0.156,0.556,2165000
1630560,Cam Thomas,0.783,0.829,0.696,0.763,0.592,0.458,0.508,0.364,0.422,0.44,0.087,0.277,0.234,0.266,0.432,0.333,0.056,0.648,0.463,2240160
1641715,Cam Whitmore,0.554,0.489,0.391,0.419,0.608,0.354,0.398,0.359,0.157,0.207,0.196,0.287,0.277,0.064,0.227,0.286,0.111,0.354,0.574,3218160
1629661,Cameron Johnson,0.687,0.727,0.417,0.453,0.597,0.5,0.517,0.391,0.147,0.164,0.196,0.337,0.314,0.22,0.227,0.381,0.083,0.386,0.542,25679348
1626166,Cameron Payne,0.928,0.436,0.235,0.263,0.578,0.271,0.288,0.39,0.069,0.078,0.065,0.119,0.109,0.239,0.182,0.238,0.028,0.213,0.597,8519706
1627747,Caris LeVert,0.807,0.759,0.443,0.513,0.564,0.333,0.415,0.325,0.225,0.259,0.13,0.347,0.299,0.468,0.386,0.524,0.139,0.403,0.685,15384616
1641717,Cason Wallace,0.976,0.54,0.226,0.229,0.657,0.25,0.246,0.419,0.039,0.043,0.13,0.158,0.168,0.138,0.114,0.429,0.139,0.196,0.671,5291400
1626224,Cedi Osman,0.855,0.46,0.226,0.225,0.641,0.25,0.263,0.389,0.049,0.06,0.065,0.218,0.182,0.156,0.159,0.238,0.056,0.196,0.375,6718842
1629646,Charles Bassey,0.217,0.278,0.13,0.089,0.971,0.0,0.008,0.0,0.029,0.026,0.261,0.277,0.292,0.101,0.182,0.19,0.25,0.095,0.491,2600000
1629718,Charlie Brown Jr.,0.084,0.115,0.026,0.055,0.268,0.062,0.076,0.286,0.0,0.0,0.022,0.01,0.022,0.0,0.068,0.0,0.083,0.023,0.565,
1631096,Chet Holmgren,0.976,0.775,0.539,0.492,0.71,0.333,0.364,0.37,0.265,0.293,0.348,0.624,0.577,0.22,0.364,0.286,0.639,0.476,0.843,10386000
1629002,Chimezie Metu,0.602,0.439,0.209,0.203,0.675,0.104,0.153,0.298,0.108,0.112,0.174,0.297,0.277,0.083,0.227,0.381,0.083,0.187,0.505,2351562
1628449,Chris Boucher,0.59,0.366,0.191,0.182,0.679,0.125,0.161,0.33,0.137,0.155,0.261,0.287,0.299,0.046,0.136,0.143,0.139,0.184,0.63,11750000
1630537,Chris Duarte,0.699,0.316,0.122,0.153,0.51,0.146,0.186,0.346,0.039,0.052,0.087,0.139,0.131,0.064,0.091,0.238,0.028,0.112,0.551,4124400
1641753,Chris Livingston,0.241,0.104,0.043,0.042,0.669,0.0,0.017,0.2,0.01,0.017,0.022,0.089,0.073,0.018,0.045,0.048,0.0,0.035,0.542,1119563
101108,Chris Paul,0.687,0.695,0.313,0.343,0.59,0.271,0.305,0.371,0.069,0.078,0.065,0.356,0.285,0.624,0.295,0.571,0.028,0.265,0.69,30800000
1631128,Christian Braun,0.976,0.529,0.235,0.25,0.616,0.167,0.169,0.384,0.108,0.138,0.217,0.277,0.27,0.147,0.159,0.238,0.111,0.21,0.593,2949120
1626174,Christian Wood,0.59,0.455,0.217,0.225,0.624,0.146,0.195,0.307,0.127,0.164,0.174,0.426,0.372,0.092,0.227,0.143,0.194,0.199,0.606,2709849
1629643,Chuma Okeke,0.554,0.235,0.078,0.102,0.478,0.104,0.144,0.28,0.01,0.009,0.087,0.129,0.124,0.037,0.068,0.095,0.028,0.066,0.532,5266713
203991,Clint Capela,0.867,0.679,0.417,0.36,0.764,0.0,0.0,0.0,0.176,0.241,1.0,0.594,0.774,0.11,0.227,0.286,0.417,0.331,0.593,20616000
1629632,Coby White,0.94,0.965,0.591,0.648,0.598,0.542,0.593,0.376,0.275,0.284,0.13,0.396,0.328,0.468,0.477,0.333,0.056,0.55,0.583,11111111
1628998,Cody Martin,0.325,0.709,0.252,0.326,0.51,0.208,0.263,0.314,0.069,0.103,0.152,0.317,0.285,0.339,0.364,0.524,0.167,0.216,0.343,7560000
203469,Cody Zeller,0.506,0.187,0.052,0.059,0.561,0.0,0.008,0.333,0.049,0.078,0.239,0.149,0.19,0.083,0.091,0.095,0.028,0.052,0.653,2019706
1641732,Colby Jones,0.349,0.16,0.078,0.102,0.527,0.021,0.059,0.091,0.02,0.034,0.13,0.079,0.095,0.064,0.068,0.095,0.056,0.061,0.616,2019706
1630175,Cole Anthony,0.964,0.588,0.357,0.398,0.582,0.229,0.288,0.338,0.216,0.233,0.174,0.297,0.277,0.266,0.364,0.381,0.139,0.334,0.667,5539771
1631306,Cole Swider,0.205,0.118,0.07,0.089,0.529,0.125,0.144,0.333,0.01,0.009,0.022,0.03,0.029,0.028,0.091,0.048,0.028,0.066,0.551,
1630658,Colin Castleton,0.181,0.088,0.052,0.042,0.754,0.0,0.0,0.0,0.039,0.034,0.087,0.04,0.058,0.018,0.045,0.048,0.0,0.043,0.472,
1631221,Collin Gillespie,0.277,0.241,0.113,0.123,0.621,0.125,0.136,0.395,0.029,0.043,0.0,0.079,0.066,0.101,0.136,0.238,0.0,0.104,0.63,
1629012,Collin Sexton,0.928,0.701,0.565,0.564,0.652,0.333,0.356,0.394,0.402,0.405,0.196,0.168,0.19,0.45,0.477,0.381,0.056,0.539,0.519,17325000
1630557,Corey Kispert,0.952,0.679,0.417,0.419,0.651,0.479,0.508,0.383,0.137,0.172,0.087,0.238,0.204,0.183,0.273,0.238,0.056,0.386,0.343,3722040
202709,Cory Joseph,0.301,0.294,0.078,0.106,0.481,0.104,0.136,0.31,0.02,0.026,0.043,0.089,0.088,0.147,0.114,0.095,0.028,0.069,0.579,2019706
1641854,Craig Porter Jr.,0.602,0.329,0.2,0.191,0.681,0.042,0.059,0.353,0.078,0.095,0.087,0.168,0.153,0.211,0.205,0.19,0.083,0.161,0.579,1500000
1626156,D'Angelo Russell,0.904,0.864,0.565,0.602,0.61,0.625,0.61,0.415,0.206,0.216,0.087,0.267,0.226,0.578,0.477,0.429,0.139,0.519,0.713,17307693
1641793,D'Moi Hodge,0.072,0.147,0.061,0.089,0.446,0.083,0.144,0.25,0.01,0.026,0.0,0.0,0.0,0.064,0.023,0.048,0.028,0.058,0.37,
1630618,D.J. Carton,0.036,0.227,0.07,0.085,0.502,0.062,0.085,0.25,0.098,0.112,0.109,0.05,0.073,0.073,0.068,0.143,0.0,0.081,0.241,
1628391,D.J. Wilson,0.012,0.195,0.174,0.127,0.893,0.208,0.085,1.0,0.0,0.0,0.109,0.05,0.073,0.092,0.0,0.0,0.278,0.144,0.648,
1629610,DaQuan Jeffries,0.193,0.061,0.035,0.042,0.473,0.021,0.051,0.2,0.0,0.009,0.0,0.03,0.022,0.028,0.045,0.0,0.028,0.023,0.574,1324828
1630227,Daishen Nix,0.169,0.078,0.052,0.068,0.502,0.083,0.093,0.353,0.02,0.034,0.022,0.01,0.015,0.037,0.068,0.143,0.0,0.052,0.69,
1630625,Dalano Banton,0.639,0.508,0.322,0.394,0.541,0.229,0.314,0.296,0.167,0.19,0.174,0.248,0.241,0.22,0.318,0.286,0.111,0.297,0.412,2019706
1631207,Dalen Terry,0.699,0.297,0.104,0.114,0.588,0.062,0.11,0.23,0.039,0.06,0.109,0.139,0.139,0.128,0.114,0.238,0.083,0.089,0.63,3350760
1627745,Damian Jones,0.458,0.174,0.096,0.076,0.799,0.021,0.034,0.214,0.049,0.043,0.109,0.109,0.117,0.037,0.068,0.095,0.083,0.078,0.495,2586665
203081,Damian Lillard,0.867,0.933,0.643,0.742,0.568,0.625,0.72,0.354,0.637,0.603,0.109,0.386,0.321,0.642,0.591,0.476,0.056,0.7,0.847,45640084
1629655,Daniel Gafford,0.88,0.644,0.409,0.275,0.971,0.0,0.0,0.0,0.157,0.207,0.565,0.495,0.555,0.147,0.227,0.429,0.583,0.317,0.537,12402000
1628464,Daniel Theis,0.711,0.441,0.226,0.208,0.712,0.083,0.102,0.366,0.059,0.069,0.304,0.267,0.299,0.092,0.159,0.19,0.25,0.182,0.648,8670002
201568,Danilo Gallinari,0.578,0.332,0.148,0.165,0.585,0.125,0.161,0.323,0.167,0.172,0.087,0.178,0.161,0.101,0.114,0.143,0.028,0.164,0.509,7464578
201980,Danny Green,0.012,0.235,0.0,0.042,0.0,0.0,0.042,0.0,0.0,0.0,0.0,0.099,0.073,0.046,0.0,0.238,0.0,0.0,0.602,200000
203957,Dante Exum,0.651,0.519,0.252,0.233,0.714,0.208,0.169,0.491,0.098,0.103,0.109,0.228,0.197,0.266,0.205,0.19,0.028,0.225,0.801,3000000
1627863,Danuel House Jr.,0.398,0.39,0.122,0.131,0.6,0.083,0.127,0.3,0.098,0.121,0.109,0.119,0.124,0.073,0.136,0.19,0.028,0.121,0.63,4310250
203967,Dario Saric,0.759,0.449,0.243,0.258,0.624,0.25,0.263,0.376,0.118,0.129,0.239,0.327,0.321,0.211,0.273,0.238,0.056,0.231,0.588,
1641727,Dariq Whitehead,0.012,0.31,0.043,0.106,0.268,0.0,0.127,0.0,0.049,0.086,0.0,0.198,0.146,0.138,0.0,0.0,0.139,0.043,0.093,2966040
1629647,Darius Bazley,0.096,0.441,0.174,0.14,0.803,0.042,0.076,0.25,0.108,0.112,0.196,0.218,0.226,0.073,0.205,0.333,0.222,0.153,0.431,616075
1629636,Darius Garland,0.675,0.88,0.574,0.627,0.597,0.479,0.525,0.371,0.255,0.267,0.109,0.208,0.197,0.596,0.705,0.619,0.028,0.519,0.694,34005250
1630561,David Duke Jr.,0.036,0.332,0.217,0.191,0.744,0.167,0.127,0.5,0.078,0.069,0.109,0.198,0.182,0.119,0.182,0.238,0.0,0.187,0.671,
1631223,David Roddy,0.771,0.473,0.217,0.267,0.539,0.146,0.212,0.293,0.069,0.086,0.174,0.238,0.234,0.11,0.205,0.19,0.056,0.187,0.44,2718240
1630558,Davion Mitchell,0.855,0.398,0.174,0.191,0.605,0.167,0.186,0.361,0.039,0.052,0.065,0.109,0.095,0.174,0.136,0.095,0.0,0.153,0.574,5063640
202722,Davis Bertans,0.506,0.409,0.183,0.229,0.526,0.375,0.398,0.38,0.069,0.069,0.043,0.119,0.102,0.073,0.091,0.286,0.083,0.193,0.523,
1630549,Day'Ron Sharpe,0.723,0.393,0.243,0.203,0.764,0.021,0.017,0.267,0.118,0.172,0.565,0.366,0.467,0.128,0.25,0.19,0.194,0.196,0.648,2210040
1628368,De'Aaron Fox,0.88,0.949,0.843,0.886,0.622,0.604,0.661,0.369,0.412,0.491,0.196,0.366,0.336,0.514,0.591,0.952,0.111,0.767,0.745,32600060
1629631,De'Andre Hunter,0.675,0.778,0.461,0.492,0.614,0.438,0.449,0.385,0.284,0.293,0.109,0.337,0.285,0.138,0.341,0.333,0.083,0.45,0.56,20089286
1629001,De'Anthony Melton,0.446,0.709,0.322,0.403,0.517,0.417,0.475,0.36,0.167,0.181,0.152,0.297,0.27,0.275,0.227,0.762,0.111,0.32,0.866,8000000
201599,DeAndre Jordan,0.422,0.283,0.139,0.11,0.835,0.0,0.0,0.0,0.069,0.129,0.326,0.287,0.321,0.064,0.136,0.095,0.111,0.112,0.491,2019706
1630610,DeJon Jarreau,0.096,0.433,0.165,0.237,0.455,0.083,0.119,0.308,0.059,0.103,0.196,0.396,0.358,0.266,0.227,0.333,0.056,0.138,0.477,
201942,DeMar DeRozan,0.94,1.0,0.713,0.729,0.643,0.188,0.237,0.333,0.647,0.664,0.109,0.376,0.314,0.486,0.386,0.524,0.167,0.692,0.565,28600000
1629731,Dean Wade,0.639,0.537,0.157,0.182,0.554,0.312,0.314,0.391,0.039,0.043,0.152,0.337,0.292,0.073,0.091,0.333,0.139,0.156,0.755,5709877
1629028,Deandre Ayton,0.651,0.856,0.678,0.576,0.763,0.0,0.017,0.1,0.118,0.121,0.696,0.782,0.81,0.147,0.409,0.476,0.222,0.481,0.333,32459438
1627749,Dejounte Murray,0.928,0.944,0.748,0.797,0.614,0.542,0.602,0.363,0.265,0.293,0.174,0.446,0.387,0.587,0.591,0.667,0.083,0.648,0.509,18214000
1626153,Delon Wright,0.554,0.412,0.139,0.169,0.527,0.104,0.119,0.368,0.078,0.086,0.087,0.139,0.131,0.229,0.068,0.524,0.056,0.13,0.616,8856750
1630166,Deni Avdija,0.892,0.794,0.47,0.453,0.677,0.25,0.263,0.374,0.265,0.31,0.239,0.604,0.526,0.349,0.477,0.381,0.139,0.424,0.398,6263188
203471,Dennis Schroder,0.952,0.821,0.435,0.492,0.582,0.354,0.39,0.375,0.216,0.233,0.109,0.248,0.219,0.56,0.432,0.381,0.056,0.403,0.528,12405000
1628372,Dennis Smith Jr.,0.663,0.495,0.226,0.254,0.582,0.125,0.161,0.294,0.078,0.086,0.196,0.198,0.212,0.33,0.273,0.571,0.056,0.19,0.574,2019706
1641726,Dereck Lively II,0.651,0.618,0.348,0.229,1.0,0.0,0.0,0.0,0.069,0.129,0.543,0.436,0.504,0.101,0.205,0.333,0.389,0.254,0.722,4775640
1631220,Dereon Seabron,0.06,0.235,0.061,0.093,0.412,0.042,0.025,0.5,0.078,0.086,0.043,0.099,0.088,0.073,0.0,0.143,0.056,0.066,0.819,
1627884,Derrick Jones Jr.,0.904,0.618,0.27,0.275,0.647,0.229,0.263,0.343,0.127,0.155,0.239,0.218,0.241,0.092,0.205,0.333,0.194,0.248,0.634,5379706
201565,Derrick Rose,0.277,0.433,0.278,0.292,0.617,0.125,0.144,0.366,0.098,0.095,0.065,0.158,0.139,0.303,0.295,0.143,0.028,0.231,0.537,3196448
1628401,Derrick White,0.867,0.861,0.461,0.487,0.617,0.563,0.576,0.396,0.186,0.181,0.152,0.347,0.307,0.477,0.341,0.476,0.333,0.438,0.995,18357143
1630217,Desmond Bane,0.494,0.909,0.748,0.784,0.621,0.688,0.729,0.381,0.324,0.328,0.196,0.347,0.321,0.505,0.614,0.476,0.139,0.683,0.38,3845083
1626164,Devin Booker,0.807,0.952,0.817,0.814,0.659,0.458,0.517,0.364,0.588,0.578,0.174,0.366,0.328,0.633,0.591,0.429,0.111,0.781,0.815,36016200
1630170,Devin Vassell,0.807,0.874,0.635,0.657,0.632,0.5,0.559,0.372,0.235,0.259,0.087,0.337,0.277,0.376,0.364,0.524,0.083,0.562,0.403,5887899
1628984,Devonte' Graham,0.265,0.353,0.148,0.199,0.471,0.229,0.305,0.301,0.059,0.06,0.043,0.129,0.117,0.193,0.159,0.19,0.028,0.144,0.648,12100000
1641926,Dexter Dennis,0.036,0.19,0.217,0.203,0.704,0.062,0.169,0.125,0.029,0.069,0.065,0.198,0.168,0.092,0.182,0.0,0.083,0.159,0.495,
1628415,Dillon Brooks,0.855,0.816,0.4,0.453,0.573,0.375,0.432,0.359,0.167,0.172,0.152,0.267,0.248,0.156,0.273,0.429,0.028,0.366,0.588,22627671
1631376,Dmytro Skapintsev,0.012,0.019,0.0,0.021,0.0,0.0,0.0,0.0,0.0,0.0,0.0,0.0,0.0,0.0,0.0,0.0,0.0,0.0,0.602,
1627734,Domantas Sabonis,0.976,0.944,0.67,0.551,0.795,0.083,0.093,0.379,0.353,0.44,0.783,1.0,1.0,0.752,0.75,0.429,0.167,0.559,0.639,30600000
1631230,Dominick Barlow,0.386,0.329,0.148,0.144,0.664,0.021,0.025,0.333,0.088,0.112,0.304,0.208,0.248,0.101,0.068,0.19,0.111,0.127,0.556,455620
1628378,Donovan Mitchell,0.651,0.933,0.791,0.839,0.618,0.688,0.763,0.368,0.49,0.5,0.174,0.426,0.372,0.56,0.636,0.857,0.139,0.767,0.875,33162030
1628978,Donte DiVincenzo,0.964,0.767,0.478,0.525,0.593,0.729,0.737,0.401,0.108,0.121,0.174,0.287,0.27,0.248,0.318,0.619,0.111,0.447,0.694,10900000
1627827,Dorian Finney-Smith,0.807,0.749,0.278,0.318,0.564,0.354,0.415,0.348,0.049,0.06,0.348,0.307,0.343,0.147,0.205,0.381,0.167,0.245,0.528,13932008
203926,Doug McDermott,0.759,0.366,0.165,0.186,0.58,0.312,0.305,0.41,0.02,0.026,0.043,0.079,0.066,0.101,0.091,0.143,0.0,0.159,0.5,13750000
203110,Draymond Green,0.651,0.714,0.296,0.288,0.665,0.188,0.195,0.395,0.098,0.112,0.304,0.584,0.526,0.55,0.568,0.476,0.25,0.248,0.745,22321429
1629234,Drew Eubanks,0.892,0.406,0.174,0.144,0.805,0.0,0.0,1.0,0.098,0.103,0.304,0.287,0.314,0.073,0.182,0.19,0.222,0.147,0.537,2346614
1641809,Drew Peterson,0.024,0.193,0.113,0.085,0.893,0.208,0.144,0.6,0.0,0.0,0.0,0.03,0.022,0.028,0.068,0.333,0.0,0.107,0.727,
1630696,Dru Smith,0.096,0.377,0.148,0.157,0.609,0.167,0.161,0.412,0.02,0.017,0.152,0.089,0.117,0.147,0.136,0.476,0.083,0.124,0.38,1801769
1629130,Duncan Robinson,0.807,0.738,0.391,0.419,0.602,0.583,0.593,0.395,0.118,0.112,0.043,0.228,0.182,0.257,0.318,0.333,0.056,0.372,0.63,18154000
1641871,Duop Reath,0.807,0.468,0.296,0.309,0.617,0.271,0.305,0.359,0.098,0.121,0.304,0.228,0.27,0.092,0.182,0.238,0.167,0.262,0.472,1951220
203939,Dwight Powell,0.747,0.345,0.096,0.072,0.909,0.0,0.0,0.333,0.098,0.121,0.326,0.188,0.248,0.119,0.114,0.19,0.083,0.095,0.602,4000000
1629685,Dylan Windler,0.193,0.16,0.078,0.076,0.669,0.167,0.136,0.481,0.0,0.0,0.043,0.079,0.066,0.055,0.023,0.048,0.0,0.072,0.56,2019706
1630700,Dyson Daniels,0.723,0.586,0.2,0.216,0.598,0.146,0.186,0.311,0.059,0.078,0.217,0.287,0.285,0.248,0.227,0.667,0.111,0.167,0.657,5784120
1630604,E.J. Liddell,0.084,0.067,0.009,0.034,0.224,0.0,0.051,0.0,0.029,0.026,0.0,0.059,0.044,0.009,0.068,0.143,0.083,0.014,0.579,1801769
1641734,Emoni Bates,0.169,0.227,0.087,0.14,0.41,0.146,0.186,0.303,0.01,0.026,0.022,0.089,0.066,0.064,0.114,0.048,0.028,0.078,0.343,
201569,Eric Gordon,0.807,0.733,0.348,0.386,0.593,0.458,0.492,0.378,0.078,0.078,0.043,0.158,0.131,0.183,0.25,0.476,0.111,0.317,0.69,3196448
1630647,Eugene Omoruyi,0.506,0.233,0.165,0.165,0.649,0.062,0.093,0.283,0.069,0.095,0.174,0.119,0.146,0.073,0.114,0.286,0.028,0.138,0.454,900000
203095,Evan Fournier,0.373,0.473,0.217,0.292,0.478,0.208,0.347,0.254,0.088,0.095,0.043,0.168,0.131,0.138,0.159,0.429,0.056,0.199,0.398,18857143
1630596,Evan Mobley,0.59,0.807,0.557,0.47,0.775,0.083,0.102,0.373,0.245,0.293,0.478,0.703,0.686,0.294,0.409,0.429,0.389,0.452,0.634,8882640
1630196,Filip Petrusev,0.024,0.072,0.026,0.03,0.669,0.0,0.0,0.0,0.029,0.06,0.0,0.03,0.022,0.0,0.0,0.0,0.0,0.029,0.694,559782
1628373,Frank Ntilikina,0.048,0.219,0.017,0.076,0.149,0.042,0.136,0.125,0.039,0.034,0.043,0.099,0.088,0.073,0.045,0.0,0.0,0.029,0.593,2019706
1630532,Franz Wagner,0.855,0.858,0.635,0.644,0.645,0.271,0.39,0.281,0.373,0.379,0.217,0.426,0.387,0.339,0.432,0.524,0.111,0.568,0.731,5508720
1627832,Fred VanVleet,0.867,0.973,0.504,0.589,0.557,0.646,0.678,0.387,0.265,0.267,0.109,0.337,0.277,0.743,0.386,0.667,0.222,0.501,0.718,40806300
1627788,Furkan Korkmaz,0.41,0.219,0.078,0.093,0.529,0.083,0.093,0.35,0.039,0.052,0.022,0.069,0.066,0.064,0.068,0.19,0.028,0.072,0.662,5370370
1641713,GG Jackson,0.566,0.676,0.435,0.496,0.573,0.438,0.508,0.357,0.235,0.276,0.239,0.297,0.299,0.11,0.318,0.286,0.139,0.421,0.417,
1629216,Gabe Vincent,0.12,0.519,0.122,0.191,0.41,0.062,0.212,0.107,0.01,0.017,0.087,0.05,0.058,0.174,0.114,0.381,0.0,0.089,0.731,10500000
202066,Garrett Temple,0.313,0.275,0.096,0.123,0.498,0.083,0.127,0.3,0.069,0.069,0.152,0.099,0.124,0.092,0.114,0.19,0.028,0.095,0.468,2019706
1629726,Garrison Mathews,0.783,0.39,0.139,0.144,0.61,0.271,0.246,0.44,0.049,0.052,0.065,0.109,0.102,0.055,0.068,0.143,0.028,0.141,0.532,2000000
203914,Gary Harris,0.639,0.631,0.209,0.233,0.59,0.292,0.322,0.371,0.059,0.069,0.087,0.119,0.124,0.147,0.136,0.429,0.083,0.199,0.681,13000000
1627780,Gary Payton II,0.518,0.404,0.2,0.178,0.754,0.104,0.11,0.364,0.029,0.043,0.217,0.149,0.19,0.101,0.136,0.429,0.111,0.159,0.69,8715000
1629018,Gary Trent Jr.,0.843,0.741,0.443,0.504,0.57,0.521,0.542,0.393,0.098,0.121,0.087,0.228,0.19,0.156,0.159,0.524,0.028,0.395,0.477,18560000
1627777,Georges Niang,0.976,0.586,0.304,0.326,0.601,0.375,0.407,0.376,0.059,0.06,0.065,0.307,0.248,0.11,0.205,0.19,0.056,0.271,0.62,8800000
203507,Giannis Antetokounmpo,0.867,0.93,1.0,0.797,0.818,0.104,0.144,0.274,0.686,0.922,0.587,0.871,0.839,0.596,0.773,0.571,0.306,0.876,0.815,45640084
1629048,Goga Bitadze,0.735,0.401,0.174,0.144,0.807,0.0,0.017,0.143,0.088,0.121,0.391,0.287,0.336,0.119,0.159,0.238,0.333,0.144,0.62,2066585
202330,Gordon Hayward,0.602,0.642,0.322,0.335,0.621,0.146,0.153,0.411,0.167,0.207,0.152,0.277,0.255,0.284,0.295,0.381,0.083,0.282,0.481,33319397
1641711,Gradey Dick,0.711,0.553,0.278,0.314,0.569,0.312,0.339,0.365,0.069,0.078,0.109,0.178,0.161,0.101,0.182,0.286,0.0,0.245,0.31,4536720
1629684,Grant Williams,0.904,0.738,0.313,0.339,0.61,0.354,0.373,0.375,0.137,0.155,0.239,0.307,0.307,0.211,0.318,0.286,0.139,0.297,0.454,12405000
1628960,Grayson Allen,0.892,0.885,0.391,0.386,0.668,0.563,0.5,0.461,0.167,0.172,0.13,0.327,0.285,0.275,0.295,0.429,0.167,0.389,0.764,8925000
1630535,Greg Brown III,0.06,0.166,0.07,0.076,0.609,0.042,0.042,0.333,0.069,0.129,0.109,0.099,0.109,0.064,0.159,0.0,0.194,0.072,0.532,
1630611,Gui Santos,0.265,0.214,0.104,0.102,0.681,0.083,0.102,0.37,0.069,0.06,0.152,0.139,0.153,0.055,0.068,0.095,0.028,0.104,0.634,1029483
1628977,Hamidou Diallo,0.012,0.053,0.043,0.042,0.669,0.0,0.0,0.0,0.0,0.0,0.217,0.0,0.073,0.046,0.114,0.476,0.0,0.029,0.694,116075
203084,Harrison Barnes,0.976,0.765,0.365,0.377,0.635,0.375,0.398,0.387,0.186,0.207,0.174,0.218,0.219,0.11,0.159,0.333,0.028,0.352,0.556,17000000
1628385,Harry Giles III,0.265,0.104,0.087,0.093,0.616,0.021,0.051,0.214,0.029,0.052,0.109,0.079,0.095,0.028,0.068,0.048,0.028,0.069,0.519,
1629312,Haywood Highsmith,0.783,0.543,0.2,0.212,0.622,0.25,0.246,0.396,0.029,0.043,0.217,0.218,0.234,0.101,0.114,0.381,0.139,0.176,0.606,1902137
1630929,Henri Drell,0.036,0.19,0.087,0.106,0.535,0.104,0.127,0.333,0.029,0.043,0.065,0.079,0.073,0.092,0.114,0.238,0.083,0.081,0.671,
1630529,Herbert Jones,0.904,0.805,0.339,0.326,0.667,0.312,0.305,0.418,0.176,0.181,0.217,0.257,0.263,0.239,0.273,0.667,0.222,0.317,0.741,12015150
1641816,Hunter Tyson,0.205,0.061,0.035,0.047,0.535,0.042,0.068,0.286,0.0,0.0,0.022,0.04,0.036,0.009,0.023,0.048,0.0,0.032,0.62,1119563
1630641,Ibou Badji,0.253,0.265,0.052,0.042,0.851,0.0,0.0,0.0,0.029,0.043,0.196,0.139,0.168,0.055,0.159,0.048,0.25,0.043,0.412,
1630193,Immanuel Quickley,0.807,0.77,0.496,0.555,0.581,0.521,0.542,0.395,0.304,0.31,0.065,0.356,0.277,0.45,0.341,0.333,0.028,0.49,0.579,4171548
1630171,Isaac Okoro,0.819,0.719,0.296,0.297,0.656,0.25,0.263,0.391,0.127,0.172,0.217,0.198,0.219,0.174,0.182,0.381,0.139,0.271,0.63,8920795
1628392,Isaiah Hartenstein,0.892,0.666,0.27,0.208,0.862,0.0,0.0,0.333,0.147,0.181,0.717,0.505,0.606,0.229,0.273,0.571,0.306,0.225,0.852,9245121
1630543,Isaiah Jackson,0.711,0.332,0.226,0.165,0.89,0.0,0.008,0.0,0.118,0.147,0.348,0.238,0.292,0.073,0.159,0.286,0.278,0.184,0.625,2696280
1630198,Isaiah Joe,0.928,0.484,0.243,0.263,0.613,0.396,0.381,0.416,0.059,0.06,0.087,0.188,0.168,0.119,0.136,0.286,0.083,0.236,0.81,1997238
1630587,Isaiah Livers,0.265,0.535,0.148,0.212,0.462,0.208,0.28,0.286,0.049,0.069,0.152,0.139,0.153,0.101,0.159,0.286,0.056,0.144,0.199,1836096
1630600,Isaiah Mobley,0.108,0.182,0.087,0.102,0.558,0.062,0.085,0.3,0.0,0.009,0.065,0.069,0.073,0.055,0.045,0.095,0.0,0.066,0.463,
1630191,Isaiah Stewart,0.542,0.816,0.348,0.352,0.652,0.312,0.322,0.383,0.137,0.155,0.348,0.495,0.482,0.147,0.318,0.19,0.222,0.314,0.468,5266713
202738,Isaiah Thomas,0.06,0.075,0.043,0.072,0.402,0.062,0.059,0.5,0.0,0.0,0.0,0.0,0.0,0.046,0.0,0.0,0.0,0.037,0.495,301795
1631209,Isaiah Wong,0.0,0.104,0.087,0.127,0.446,0.0,0.085,0.0,0.0,0.0,0.0,0.0,0.0,0.0,0.0,0.0,0.0,0.058,0.37,
202397,Ish Smith,0.506,0.449,0.13,0.157,0.56,0.021,0.017,0.5,0.01,0.009,0.065,0.149,0.131,0.312,0.25,0.19,0.028,0.092,0.301,2019706
1630688,Ish Wainright,0.12,0.142,0.052,0.093,0.391,0.125,0.153,0.35,0.02,0.017,0.065,0.099,0.095,0.009,0.045,0.19,0.028,0.061,0.583,1927896
1627826,Ivica Zubac,0.807,0.695,0.435,0.322,0.869,0.0,0.0,0.0,0.176,0.207,0.63,0.624,0.672,0.128,0.273,0.143,0.333,0.337,0.727,10933333
1631167,Izaiah Brockington,0.0,0.08,0.174,0.212,0.535,0.0,0.085,0.0,0.0,0.0,0.217,0.099,0.146,0.0,0.0,0.0,0.0,0.115,0.741,
1631120,JD Davison,0.084,0.12,0.052,0.064,0.558,0.083,0.076,0.429,0.039,0.043,0.065,0.099,0.095,0.119,0.068,0.048,0.028,0.058,0.736,
1630550,JT Thor,0.747,0.321,0.113,0.123,0.585,0.083,0.11,0.346,0.02,0.026,0.152,0.158,0.168,0.046,0.045,0.095,0.111,0.092,0.565,1836096
1629630,Ja Morant,0.096,0.933,0.774,0.801,0.631,0.333,0.483,0.275,0.569,0.612,0.152,0.485,0.409,0.743,0.682,0.381,0.167,0.723,0.657,34005250
201580,JaVale McGee,0.542,0.187,0.148,0.123,0.801,0.0,0.017,0.143,0.059,0.086,0.196,0.178,0.197,0.037,0.159,0.143,0.111,0.115,0.611,4368030
1631095,Jabari Smith Jr.,0.904,0.842,0.435,0.466,0.608,0.375,0.424,0.363,0.196,0.207,0.391,0.624,0.591,0.147,0.273,0.333,0.222,0.395,0.551,9326520
1631133,Jabari Walker,0.855,0.62,0.287,0.301,0.616,0.125,0.161,0.295,0.176,0.207,0.457,0.495,0.518,0.092,0.205,0.286,0.083,0.256,0.384,1719864
1631298,Jack White,0.036,0.414,0.043,0.169,0.167,0.104,0.212,0.2,0.0,0.0,0.217,0.198,0.219,0.028,0.114,0.476,0.083,0.043,0.278,600000
1631367,Jacob Gilyard,0.482,0.444,0.13,0.157,0.535,0.25,0.263,0.405,0.0,0.0,0.043,0.089,0.08,0.303,0.159,0.381,0.028,0.121,0.407,
1631210,Jacob Toppin,0.096,0.102,0.052,0.042,0.744,0.021,0.034,0.25,0.02,0.017,0.065,0.04,0.058,0.028,0.023,0.0,0.028,0.04,0.519,
1630702,Jaden Hardy,0.867,0.353,0.235,0.28,0.545,0.229,0.263,0.362,0.078,0.086,0.065,0.149,0.131,0.138,0.182,0.143,0.028,0.21,0.523,1719864
1631093,Jaden Ivey,0.916,0.759,0.47,0.534,0.574,0.333,0.407,0.336,0.284,0.336,0.239,0.228,0.248,0.349,0.568,0.333,0.139,0.444,0.394,7614480
1630183,Jaden McDaniels,0.855,0.77,0.374,0.369,0.655,0.25,0.297,0.337,0.078,0.095,0.174,0.228,0.226,0.128,0.273,0.429,0.167,0.303,0.704,3901399
1630531,Jaden Springer,0.578,0.265,0.104,0.127,0.534,0.042,0.085,0.208,0.069,0.078,0.152,0.089,0.117,0.083,0.159,0.333,0.083,0.095,0.574,2226240
203109,Jae Crowder,0.59,0.607,0.2,0.229,0.565,0.25,0.28,0.349,0.049,0.06,0.13,0.257,0.234,0.119,0.114,0.381,0.056,0.179,0.537,2019706
1630256,Jae'Sean Tate,0.771,0.414,0.148,0.148,0.632,0.083,0.102,0.299,0.039,0.052,0.196,0.208,0.219,0.092,0.136,0.286,0.056,0.118,0.657,6500000
1630186,Jahmi'us Ramsey,0.072,0.452,0.226,0.25,0.588,0.188,0.263,0.273,0.069,0.078,0.13,0.257,0.226,0.101,0.227,0.476,0.0,0.193,0.417,
1631170,Jaime Jaquez Jr.,0.892,0.743,0.391,0.394,0.655,0.188,0.229,0.322,0.186,0.198,0.239,0.267,0.277,0.239,0.341,0.476,0.083,0.343,0.667,3510600
1631222,Jake LaRavia,0.41,0.604,0.296,0.369,0.521,0.312,0.381,0.34,0.255,0.267,0.326,0.218,0.27,0.156,0.295,0.381,0.083,0.311,0.449,3199920
1627751,Jakob Poeltl,0.59,0.695,0.435,0.322,0.878,0.0,0.0,0.0,0.118,0.181,0.63,0.564,0.628,0.229,0.341,0.333,0.417,0.32,0.588,19500000
1628973,Jalen Brunson,0.916,0.936,0.896,0.907,0.641,0.563,0.576,0.401,0.539,0.56,0.13,0.307,0.263,0.615,0.545,0.429,0.056,0.827,0.907,26346666
1630622,Jalen Crutcher,0.0,0.061,0.0,0.042,0.0,0.0,0.0,0.0,0.0,0.0,0.0,0.0,0.0,0.0,0.0,0.0,0.0,0.0,0.648,
1631105,Jalen Duren,0.723,0.767,0.496,0.39,0.829,0.0,0.008,0.0,0.225,0.259,0.674,0.842,0.847,0.22,0.477,0.238,0.222,0.398,0.366,4330680
1630224,Jalen Green,0.976,0.837,0.6,0.686,0.566,0.521,0.627,0.332,0.343,0.371,0.109,0.465,0.38,0.321,0.523,0.381,0.083,0.565,0.62,9891480
1641720,Jalen Hood-Schifino,0.241,0.128,0.043,0.089,0.297,0.021,0.059,0.133,0.059,0.086,0.022,0.05,0.044,0.037,0.091,0.048,0.028,0.046,0.481,3695040
1630552,Jalen Johnson,0.663,0.89,0.557,0.53,0.684,0.271,0.305,0.355,0.186,0.224,0.283,0.733,0.635,0.33,0.409,0.571,0.222,0.461,0.537,2925360
1629667,Jalen McDaniels,0.59,0.278,0.113,0.161,0.461,0.042,0.119,0.169,0.049,0.06,0.087,0.119,0.117,0.064,0.136,0.19,0.028,0.098,0.454,4516000
1629618,Jalen Pickett,0.313,0.11,0.052,0.055,0.574,0.062,0.076,0.36,0.01,0.009,0.0,0.05,0.036,0.073,0.068,0.048,0.0,0.046,0.602,1708143
1641771,Jalen Slawson,0.133,0.072,0.026,0.021,0.893,0.0,0.017,0.0,0.0,0.0,0.022,0.05,0.044,0.018,0.045,0.048,0.028,0.02,0.579,
1630188,Jalen Smith,0.723,0.449,0.33,0.275,0.793,0.208,0.203,0.424,0.118,0.147,0.391,0.366,0.401,0.092,0.159,0.143,0.167,0.285,0.593,5043773
1630591,Jalen Suggs,0.892,0.711,0.391,0.403,0.631,0.417,0.432,0.397,0.157,0.181,0.13,0.238,0.226,0.248,0.409,0.667,0.167,0.363,0.63,7252080
1631114,Jalen Williams,0.843,0.826,0.652,0.593,0.723,0.312,0.288,0.427,0.245,0.267,0.109,0.347,0.292,0.413,0.386,0.524,0.167,0.55,0.852,4558680
1630592,Jalen Wilson,0.506,0.404,0.157,0.178,0.569,0.125,0.144,0.324,0.088,0.095,0.239,0.198,0.219,0.092,0.091,0.143,0.028,0.144,0.597,850000
1631288,Jamal Cain,0.301,0.257,0.113,0.127,0.576,0.083,0.102,0.355,0.069,0.078,0.13,0.079,0.102,0.037,0.068,0.19,0.056,0.107,0.556,
1627750,Jamal Murray,0.699,0.832,0.696,0.708,0.644,0.521,0.492,0.425,0.265,0.267,0.152,0.337,0.299,0.596,0.477,0.476,0.194,0.611,0.847,33833400
1631123,Jamaree Bouyea,0.096,0.27,0.096,0.131,0.478,0.021,0.085,0.111,0.0,0.0,0.065,0.178,0.153,0.11,0.227,0.048,0.0,0.066,0.523,
1630547,James Bouknight,0.157,0.144,0.113,0.123,0.588,0.188,0.178,0.433,0.01,0.009,0.022,0.059,0.044,0.037,0.023,0.048,0.028,0.104,0.565,4570080
201935,James Harden,0.855,0.906,0.426,0.483,0.573,0.542,0.576,0.381,0.412,0.414,0.109,0.465,0.372,0.78,0.591,0.524,0.222,0.478,0.787,35680595
201949,James Johnson,0.096,0.128,0.026,0.047,0.402,0.0,0.017,0.0,0.02,0.017,0.022,0.03,0.029,0.083,0.136,0.286,0.028,0.026,0.63,777703
1630164,James Wiseman,0.747,0.452,0.261,0.203,0.821,0.0,0.0,0.0,0.108,0.138,0.37,0.356,0.387,0.083,0.227,0.095,0.167,0.205,0.361,12119440
1641716,Jarace Walker,0.386,0.265,0.122,0.14,0.548,0.146,0.144,0.4,0.02,0.026,0.087,0.149,0.139,0.11,0.114,0.238,0.083,0.104,0.63,6059520
1630215,Jared Butler,0.47,0.366,0.217,0.212,0.653,0.125,0.169,0.308,0.078,0.078,0.043,0.119,0.109,0.294,0.295,0.333,0.056,0.182,0.546,1250000
1631197,Jared Rhoden,0.193,0.374,0.165,0.165,0.669,0.146,0.153,0.387,0.029,0.043,0.043,0.178,0.139,0.073,0.091,0.095,0.222,0.141,0.495,
1628991,Jaren Jackson Jr.,0.783,0.85,0.678,0.746,0.594,0.375,0.466,0.32,0.5,0.543,0.283,0.416,0.401,0.211,0.545,0.571,0.444,0.648,0.361,27102202
1629020,Jarred Vanderbilt,0.337,0.524,0.174,0.165,0.693,0.062,0.076,0.296,0.078,0.103,0.304,0.327,0.35,0.11,0.227,0.571,0.056,0.15,0.671,4698000
1628386,Jarrett Allen,0.916,0.837,0.583,0.449,0.849,0.0,0.008,0.0,0.294,0.353,0.696,0.733,0.766,0.248,0.364,0.333,0.306,0.476,0.722,20000000
1630554,Jason Preston,0.072,0.262,0.078,0.114,0.423,0.0,0.034,0.0,0.0,0.0,0.196,0.158,0.175,0.211,0.068,0.143,0.028,0.049,0.755,
1631241,Javon Freeman-Liberty,0.253,0.479,0.217,0.237,0.594,0.104,0.161,0.238,0.147,0.138,0.152,0.248,0.234,0.165,0.25,0.238,0.056,0.202,0.269,289542
1629750,Javonte Green,0.096,0.674,0.435,0.352,0.803,0.229,0.254,0.37,0.108,0.121,0.478,0.515,0.54,0.055,0.182,0.524,0.25,0.352,0.745,243758
1630606,Javonte Smart,0.0,0.008,0.0,0.0,0.0,0.0,0.0,0.0,0.0,0.0,0.0,0.0,0.0,0.0,0.0,0.0,0.0,0.0,0.463,
1629637,Jaxson Hayes,0.831,0.324,0.157,0.106,0.964,0.0,0.008,0.0,0.069,0.103,0.217,0.198,0.219,0.046,0.136,0.238,0.111,0.124,0.532,2165000
1630643,Jay Huff,0.229,0.056,0.043,0.034,0.803,0.042,0.042,0.333,0.01,0.009,0.022,0.05,0.044,0.009,0.023,0.048,0.056,0.035,0.579,
1627759,Jaylen Brown,0.831,0.885,0.783,0.758,0.668,0.438,0.5,0.354,0.294,0.371,0.261,0.426,0.401,0.33,0.545,0.571,0.139,0.663,0.875,31830357
1629669,Jaylen Nowell,0.145,0.428,0.226,0.254,0.584,0.104,0.186,0.207,0.049,0.06,0.109,0.139,0.131,0.138,0.114,0.143,0.056,0.179,0.486,
1631119,Jaylin Williams,0.819,0.337,0.122,0.14,0.558,0.167,0.178,0.368,0.049,0.052,0.109,0.287,0.248,0.147,0.114,0.19,0.111,0.115,0.685,2000000
1628369,Jayson Tatum,0.88,0.944,0.791,0.818,0.631,0.646,0.695,0.376,0.549,0.578,0.196,0.713,0.591,0.45,0.568,0.476,0.167,0.775,0.981,32600060
1630288,Jeff Dowtin Jr.,0.133,0.305,0.148,0.127,0.744,0.167,0.136,0.474,0.029,0.026,0.065,0.139,0.124,0.211,0.091,0.286,0.028,0.124,0.685,
201145,Jeff Green,0.928,0.439,0.183,0.199,0.61,0.146,0.178,0.331,0.157,0.164,0.13,0.168,0.168,0.083,0.136,0.095,0.111,0.187,0.556,9600000
203924,Jerami Grant,0.639,0.896,0.617,0.665,0.604,0.438,0.432,0.402,0.461,0.5,0.152,0.287,0.255,0.257,0.477,0.381,0.167,0.605,0.301,27586207
1630526,Jeremiah Robinson-Earl,0.458,0.219,0.104,0.102,0.635,0.062,0.085,0.333,0.029,0.034,0.13,0.139,0.139,0.046,0.091,0.143,0.028,0.084,0.574,684843
1631110,Jeremy Sochan,0.88,0.781,0.4,0.445,0.586,0.188,0.263,0.308,0.147,0.164,0.413,0.455,0.467,0.312,0.432,0.381,0.139,0.334,0.389,5316960
1630579,Jericho Sims,0.53,0.337,0.07,0.051,0.925,0.0,0.0,0.0,0.039,0.043,0.261,0.198,0.241,0.055,0.091,0.095,0.111,0.058,0.593,1927896
1631257,Jermaine Samuels Jr.,0.157,0.104,0.052,0.042,0.861,0.0,0.008,0.0,0.01,0.009,0.043,0.069,0.066,0.018,0.0,0.048,0.028,0.04,0.56,
1629010,Jerome Robinson,0.253,0.088,0.043,0.064,0.446,0.021,0.068,0.118,0.029,0.043,0.0,0.02,0.022,0.018,0.023,0.0,0.028,0.04,0.657,
1641724,Jett Howard,0.205,0.088,0.052,0.072,0.446,0.083,0.119,0.28,0.01,0.017,0.022,0.03,0.029,0.028,0.045,0.048,0.028,0.046,0.611,5026800
1628975,Jevon Carter,0.855,0.361,0.165,0.216,0.506,0.229,0.28,0.329,0.01,0.009,0.043,0.069,0.058,0.119,0.114,0.238,0.056,0.144,0.62,6190476
202710,Jimmy Butler,0.711,0.898,0.574,0.559,0.668,0.208,0.203,0.414,0.647,0.664,0.391,0.356,0.387,0.459,0.386,0.619,0.083,0.599,0.769,45183960
1629111,Jock Landale,0.663,0.353,0.165,0.157,0.689,0.042,0.059,0.25,0.088,0.103,0.348,0.149,0.226,0.11,0.136,0.19,0.167,0.141,0.736,8000000
203925,Joe Harris,0.181,0.273,0.078,0.102,0.481,0.125,0.161,0.333,0.01,0.009,0.043,0.059,0.058,0.055,0.068,0.095,0.028,0.069,0.463,19928571
204060,Joe Ingles,0.807,0.449,0.13,0.14,0.584,0.208,0.203,0.435,0.039,0.043,0.065,0.178,0.153,0.275,0.227,0.286,0.028,0.127,0.713,11000000
203954,Joel Embiid,0.458,0.888,1.0,0.924,0.708,0.292,0.305,0.388,1.0,1.0,0.522,0.851,0.803,0.514,0.864,0.571,0.472,1.0,0.917,47607350
1628381,John Collins,0.807,0.738,0.504,0.466,0.712,0.271,0.288,0.371,0.216,0.233,0.5,0.604,0.62,0.101,0.318,0.286,0.25,0.435,0.394,25340000
1629723,John Konchar,0.651,0.559,0.139,0.161,0.566,0.146,0.186,0.317,0.039,0.043,0.283,0.337,0.343,0.183,0.182,0.429,0.25,0.124,0.477,2400000
1631098,Johnny Davis,0.59,0.318,0.104,0.131,0.539,0.062,0.068,0.35,0.029,0.043,0.087,0.109,0.102,0.055,0.068,0.19,0.056,0.086,0.463,5050800
1630548,Johnny Juzang,0.229,0.487,0.226,0.233,0.621,0.333,0.331,0.416,0.049,0.06,0.087,0.149,0.131,0.11,0.159,0.095,0.028,0.207,0.583,
202685,Jonas Valanciunas,0.976,0.618,0.426,0.373,0.748,0.104,0.127,0.308,0.196,0.216,0.5,0.644,0.642,0.193,0.318,0.19,0.222,0.352,0.69,
1628371,Jonathan Isaac,0.687,0.412,0.217,0.208,0.683,0.146,0.161,0.375,0.098,0.121,0.283,0.317,0.328,0.046,0.114,0.333,0.333,0.196,0.745,17400000
1630228,Jonathan Kuminga,0.88,0.693,0.539,0.492,0.708,0.146,0.186,0.321,0.294,0.345,0.261,0.356,0.35,0.202,0.364,0.333,0.139,0.464,0.681,6012840
1629007,Jontay Porter,0.301,0.358,0.13,0.169,0.515,0.167,0.195,0.333,0.059,0.06,0.217,0.218,0.234,0.211,0.182,0.381,0.222,0.127,0.472,
203903,Jordan Clarkson,0.651,0.807,0.53,0.627,0.553,0.354,0.475,0.294,0.314,0.319,0.196,0.248,0.248,0.459,0.614,0.286,0.028,0.493,0.44,23487629
1630259,Jordan Ford,0.06,0.086,0.061,0.051,0.764,0.062,0.042,0.667,0.029,0.026,0.0,0.03,0.022,0.028,0.045,0.0,0.0,0.058,0.708,
1630692,Jordan Goodwin,0.675,0.484,0.217,0.284,0.494,0.146,0.212,0.298,0.078,0.086,0.326,0.287,0.321,0.248,0.227,0.381,0.083,0.187,0.528,1927896
1641722,Jordan Hawkins,0.795,0.452,0.226,0.288,0.511,0.333,0.373,0.366,0.098,0.103,0.087,0.178,0.161,0.092,0.136,0.143,0.028,0.225,0.611,4310160
1629162,Jordan McLaughlin,0.663,0.289,0.113,0.11,0.647,0.167,0.136,0.472,0.02,0.026,0.065,0.099,0.095,0.183,0.068,0.286,0.028,0.101,0.731,2320000
1641757,Jordan Miller,0.084,0.083,0.052,0.047,0.744,0.021,0.025,0.5,0.029,0.026,0.087,0.03,0.044,0.0,0.023,0.0,0.0,0.046,0.528,
1629670,Jordan Nwora,0.614,0.356,0.235,0.246,0.618,0.167,0.212,0.336,0.078,0.086,0.109,0.228,0.212,0.11,0.227,0.238,0.083,0.202,0.426,3000000
1629673,Jordan Poole,0.928,0.794,0.548,0.644,0.553,0.5,0.61,0.326,0.245,0.241,0.087,0.228,0.197,0.404,0.545,0.524,0.083,0.501,0.273,27455357
1641775,Jordan Walsh,0.096,0.238,0.061,0.072,0.535,0.042,0.085,0.222,0.01,0.017,0.13,0.168,0.161,0.055,0.068,0.286,0.028,0.049,0.843,1119563
1630631,Jose Alvarado,0.663,0.481,0.217,0.263,0.552,0.292,0.314,0.377,0.059,0.078,0.087,0.178,0.168,0.193,0.159,0.524,0.083,0.205,0.801,1836096
1630581,Josh Giddey,0.952,0.66,0.435,0.449,0.636,0.208,0.254,0.337,0.127,0.138,0.304,0.495,0.467,0.44,0.477,0.333,0.167,0.354,0.819,6587040
1630182,Josh Green,0.675,0.695,0.27,0.28,0.641,0.271,0.28,0.385,0.069,0.086,0.152,0.248,0.234,0.211,0.25,0.381,0.056,0.236,0.519,4765339
1628404,Josh Hart,0.964,0.882,0.313,0.356,0.581,0.208,0.271,0.31,0.108,0.121,0.348,0.673,0.606,0.376,0.341,0.429,0.083,0.271,0.801,12960000
1631169,Josh Minott,0.373,0.067,0.043,0.047,0.632,0.021,0.025,0.4,0.039,0.034,0.022,0.04,0.036,0.028,0.023,0.095,0.056,0.046,0.63,1719864
1629006,Josh Okogie,0.711,0.417,0.122,0.144,0.558,0.104,0.136,0.309,0.127,0.147,0.261,0.129,0.19,0.101,0.136,0.381,0.111,0.133,0.606,2815937
1626196,Josh Richardson,0.506,0.674,0.313,0.343,0.594,0.312,0.373,0.347,0.118,0.112,0.087,0.238,0.204,0.22,0.182,0.286,0.083,0.285,0.486,2891467
1630563,Joshua Primo,0.012,0.126,0.043,0.064,0.446,0.0,0.042,0.0,0.0,0.0,0.109,0.0,0.036,0.0,0.455,0.0,0.139,0.029,0.579,6105941
201950,Jrue Holiday,0.819,0.866,0.417,0.424,0.643,0.417,0.398,0.429,0.088,0.086,0.261,0.416,0.394,0.44,0.409,0.429,0.222,0.36,0.889,36861707
1629308,Juan Toscano-Anderson,0.12,0.118,0.026,0.047,0.335,0.021,0.034,0.25,0.0,0.0,0.087,0.089,0.095,0.037,0.045,0.048,0.028,0.017,0.565,439581
1631262,Jules Bernard,0.217,0.201,0.13,0.144,0.606,0.125,0.127,0.379,0.029,0.043,0.109,0.079,0.102,0.073,0.091,0.095,0.028,0.112,0.667,
1630577,Julian Champagnie,0.88,0.519,0.191,0.229,0.546,0.292,0.314,0.365,0.098,0.103,0.13,0.218,0.204,0.128,0.182,0.286,0.167,0.196,0.514,3000000
1641763,Julian Phillips,0.47,0.206,0.07,0.081,0.557,0.062,0.085,0.316,0.029,0.043,0.065,0.059,0.066,0.028,0.068,0.095,0.056,0.063,0.597,1600000
1631124,Julian Strawther,0.59,0.281,0.139,0.186,0.494,0.167,0.237,0.297,0.039,0.052,0.022,0.109,0.088,0.083,0.114,0.143,0.028,0.13,0.505,2431080
203944,Julius Randle,0.542,0.936,0.748,0.771,0.632,0.354,0.449,0.311,0.5,0.569,0.478,0.693,0.672,0.459,0.795,0.238,0.083,0.692,0.819,28226880
1630551,Justin Champagnie,0.169,0.409,0.183,0.22,0.549,0.188,0.254,0.289,0.078,0.086,0.283,0.228,0.255,0.119,0.159,0.333,0.167,0.17,0.421,
203200,Justin Holiday,0.687,0.388,0.13,0.14,0.608,0.188,0.195,0.404,0.01,0.009,0.043,0.109,0.088,0.11,0.045,0.286,0.056,0.115,0.644,2019706
1628382,Justin Jackson,0.012,0.0,0.0,0.0,0.0,0.0,0.0,0.0,0.0,0.0,0.0,0.0,0.0,0.0,0.0,0.0,0.0,0.0,0.602,
1631303,Justin Minaya,0.398,0.289,0.052,0.093,0.398,0.083,0.119,0.245,0.01,0.026,0.196,0.079,0.117,0.055,0.068,0.143,0.083,0.052,0.491,
203994,Jusuf Nurkic,0.904,0.719,0.365,0.352,0.683,0.062,0.102,0.244,0.216,0.293,0.63,0.802,0.803,0.367,0.523,0.524,0.306,0.314,0.847,16875000
1630231,KJ Martin,0.711,0.321,0.139,0.127,0.718,0.021,0.042,0.286,0.039,0.06,0.152,0.149,0.161,0.083,0.114,0.19,0.056,0.107,0.597,1930681
1629232,Kaiser Gates,0.0,0.187,0.0,0.169,0.0,0.0,0.169,0.0,0.0,0.0,0.0,0.099,0.073,0.0,0.0,0.0,0.0,0.0,0.509,
1626157,Karl-Anthony Towns,0.735,0.864,0.67,0.648,0.675,0.458,0.449,0.416,0.402,0.405,0.326,0.673,0.606,0.275,0.659,0.333,0.194,0.628,0.843,36016200
202695,Kawhi Leonard,0.807,0.906,0.783,0.725,0.703,0.438,0.415,0.417,0.363,0.362,0.261,0.485,0.445,0.33,0.409,0.762,0.25,0.683,0.87,45640084
1631099,Keegan Murray,0.916,0.888,0.504,0.538,0.608,0.5,0.559,0.358,0.127,0.138,0.304,0.406,0.401,0.156,0.182,0.476,0.222,0.438,0.685,8409000
1628966,Keita Bates-Diop,0.627,0.324,0.122,0.131,0.581,0.083,0.11,0.304,0.059,0.069,0.13,0.149,0.153,0.064,0.068,0.238,0.111,0.107,0.556,2346614
1629640,Keldon Johnson,0.819,0.778,0.496,0.53,0.608,0.375,0.449,0.346,0.245,0.276,0.304,0.406,0.401,0.257,0.318,0.333,0.083,0.452,0.37,20000000
203482,Kelly Olynyk,0.928,0.591,0.304,0.271,0.743,0.167,0.169,0.387,0.186,0.198,0.304,0.386,0.387,0.404,0.432,0.429,0.111,0.282,0.444,12195122
1626162,Kelly Oubre Jr.,0.807,0.797,0.496,0.547,0.59,0.312,0.407,0.311,0.255,0.293,0.304,0.356,0.365,0.138,0.295,0.524,0.194,0.444,0.583,2019706
1631112,Kendall Brown,0.169,0.102,0.043,0.042,0.714,0.0,0.008,0.0,0.029,0.043,0.043,0.01,0.022,0.028,0.023,0.0,0.0,0.04,0.528,1100000
1631254,Kenneth Lofton Jr.,0.241,0.241,0.148,0.157,0.618,0.062,0.093,0.292,0.078,0.103,0.13,0.119,0.131,0.147,0.159,0.143,0.056,0.133,0.579,500000
1629026,Kenrich Williams,0.819,0.388,0.165,0.174,0.627,0.167,0.169,0.397,0.01,0.017,0.196,0.208,0.219,0.119,0.114,0.286,0.028,0.135,0.704,6175000
203484,Kentavious Caldwell-Pope,0.904,0.834,0.313,0.326,0.616,0.333,0.347,0.406,0.127,0.129,0.087,0.198,0.175,0.22,0.227,0.619,0.167,0.291,0.949,14704938
1631165,Keon Ellis,0.675,0.449,0.165,0.174,0.617,0.25,0.246,0.417,0.049,0.052,0.13,0.158,0.161,0.138,0.136,0.429,0.139,0.156,0.676,683430
1630553,Keon Johnson,0.048,0.318,0.139,0.178,0.51,0.167,0.169,0.4,0.216,0.207,0.13,0.079,0.102,0.055,0.227,0.286,0.056,0.179,0.37,2808720
1630556,Kessler Edwards,0.639,0.126,0.052,0.064,0.556,0.083,0.085,0.385,0.01,0.017,0.043,0.059,0.058,0.028,0.023,0.095,0.028,0.049,0.565,1927896
201142,Kevin Durant,0.892,0.984,0.87,0.809,0.7,0.458,0.458,0.413,0.471,0.483,0.109,0.604,0.482,0.459,0.75,0.429,0.333,0.781,0.782,47649433
1628989,Kevin Huerter,0.759,0.642,0.339,0.373,0.593,0.396,0.449,0.361,0.059,0.06,0.13,0.287,0.255,0.239,0.182,0.333,0.111,0.294,0.657,15669643
1628995,Kevin Knox II,0.361,0.473,0.243,0.254,0.618,0.208,0.254,0.33,0.059,0.06,0.13,0.178,0.175,0.064,0.159,0.19,0.056,0.207,0.477,
201567,Kevin Love,0.651,0.439,0.252,0.275,0.589,0.312,0.373,0.344,0.147,0.172,0.239,0.505,0.445,0.193,0.205,0.143,0.056,0.254,0.694,3835738
1630284,Kevon Harris,0.012,0.07,0.087,0.064,0.893,0.0,0.0,0.0,0.0,0.0,0.0,0.099,0.073,0.046,0.114,0.0,0.0,0.058,0.602,
1626172,Kevon Looney,0.88,0.42,0.165,0.131,0.799,0.0,0.0,0.0,0.078,0.095,0.413,0.366,0.416,0.165,0.159,0.19,0.111,0.13,0.625,7500000
1641749,Keyontae Johnson,0.096,0.187,0.052,0.076,0.419,0.021,0.025,0.333,0.0,0.0,0.087,0.069,0.08,0.037,0.091,0.048,0.0,0.035,0.565,
1641718,Keyonte George,0.892,0.711,0.374,0.462,0.523,0.417,0.5,0.334,0.245,0.259,0.043,0.257,0.204,0.404,0.568,0.238,0.028,0.375,0.37,3889800
203114,Khris Middleton,0.651,0.711,0.504,0.496,0.66,0.354,0.381,0.381,0.176,0.19,0.152,0.386,0.343,0.486,0.523,0.429,0.083,0.435,0.708,29320988
1630165,Killian Hayes,0.494,0.631,0.243,0.284,0.553,0.104,0.153,0.297,0.078,0.103,0.065,0.257,0.204,0.45,0.273,0.429,0.139,0.199,0.333,7413955
1630184,Kira Lewis Jr.,0.325,0.241,0.104,0.14,0.495,0.021,0.102,0.121,0.059,0.06,0.065,0.059,0.066,0.119,0.114,0.143,0.028,0.092,0.491,5722116
202691,Klay Thompson,0.916,0.783,0.557,0.623,0.578,0.729,0.763,0.387,0.157,0.155,0.109,0.277,0.241,0.211,0.341,0.286,0.139,0.516,0.606,43219440
1641738,Kobe Brown,0.518,0.23,0.07,0.085,0.55,0.062,0.093,0.292,0.0,0.0,0.109,0.099,0.102,0.055,0.045,0.143,0.028,0.058,0.505,2413320
1641723,Kobe Bufkin,0.193,0.297,0.174,0.229,0.495,0.104,0.203,0.225,0.02,0.043,0.087,0.158,0.139,0.147,0.136,0.19,0.083,0.138,0.505,4094280
1628424,Kobi Simmons,0.036,0.441,0.2,0.225,0.574,0.104,0.169,0.25,0.0,0.0,0.065,0.149,0.131,0.275,0.068,0.714,0.139,0.144,0.241,
1627739,Kris Dunn,0.783,0.495,0.191,0.199,0.629,0.125,0.144,0.369,0.029,0.043,0.174,0.208,0.212,0.349,0.273,0.476,0.111,0.156,0.611,2586665
1631200,Kris Murray,0.735,0.57,0.2,0.25,0.53,0.167,0.254,0.268,0.059,0.078,0.304,0.218,0.263,0.119,0.205,0.429,0.083,0.176,0.481,2847480
204001,Kristaps Porzingis,0.675,0.781,0.591,0.559,0.691,0.396,0.432,0.375,0.441,0.457,0.37,0.545,0.526,0.183,0.364,0.333,0.528,0.579,0.94,
203937,Kyle Anderson,0.94,0.594,0.217,0.233,0.616,0.021,0.051,0.229,0.118,0.147,0.174,0.267,0.255,0.385,0.273,0.429,0.167,0.184,0.699,9219512
1628398,Kyle Kuzma,0.831,0.861,0.757,0.797,0.62,0.458,0.542,0.336,0.265,0.293,0.196,0.564,0.482,0.385,0.614,0.238,0.194,0.64,0.231,25568182
200768,Kyle Lowry,0.711,0.743,0.235,0.267,0.578,0.333,0.356,0.392,0.108,0.112,0.13,0.267,0.234,0.385,0.318,0.476,0.111,0.233,0.602,32478379
202681,Kyrie Irving,0.687,0.925,0.843,0.826,0.665,0.625,0.619,0.411,0.324,0.31,0.174,0.416,0.365,0.477,0.409,0.619,0.139,0.738,0.824,37037037
1630163,LaMelo Ball,0.253,0.853,0.722,0.814,0.58,0.667,0.763,0.355,0.402,0.405,0.283,0.376,0.372,0.734,0.864,0.857,0.056,0.689,0.31,10900635
1630205,Lamar Stevens,0.446,0.382,0.243,0.267,0.602,0.083,0.102,0.304,0.108,0.121,0.196,0.238,0.241,0.064,0.136,0.286,0.167,0.207,0.611,2419706
1629013,Landry Shamet,0.542,0.412,0.226,0.254,0.577,0.25,0.288,0.338,0.078,0.086,0.065,0.099,0.095,0.11,0.159,0.238,0.056,0.205,0.454,10250000
1626204,Larry Nance Jr.,0.723,0.521,0.2,0.169,0.767,0.083,0.093,0.415,0.078,0.086,0.326,0.347,0.365,0.174,0.182,0.476,0.083,0.164,0.657,10375000
1628374,Lauri Markkanen,0.651,0.874,0.678,0.686,0.643,0.667,0.678,0.399,0.441,0.431,0.478,0.584,0.599,0.183,0.318,0.429,0.139,0.669,0.62,17259999
2544,LeBron James,0.843,0.933,0.835,0.758,0.723,0.438,0.432,0.41,0.422,0.491,0.196,0.634,0.533,0.761,0.795,0.619,0.139,0.741,0.745,47607350
1641778,Leaky Black,0.301,0.281,0.087,0.085,0.644,0.062,0.068,0.45,0.039,0.052,0.065,0.149,0.131,0.083,0.045,0.143,0.111,0.078,0.556,
1631159,Leonard Miller,0.193,0.072,0.07,0.051,0.87,0.021,0.025,0.4,0.01,0.009,0.065,0.089,0.088,0.046,0.023,0.048,0.028,0.049,0.625,1800000
1631311,Lester Quinones,0.434,0.275,0.13,0.161,0.531,0.188,0.203,0.364,0.049,0.069,0.13,0.139,0.139,0.092,0.114,0.095,0.028,0.127,0.625,548815
1629623,Lindell Wigginton,0.024,0.056,0.061,0.072,0.535,0.0,0.059,0.0,0.069,0.06,0.0,0.0,0.0,0.0,0.068,0.0,0.0,0.058,0.449,
1630322,Lindy Waters III,0.446,0.187,0.113,0.114,0.631,0.208,0.186,0.435,0.01,0.009,0.043,0.089,0.08,0.055,0.045,0.048,0.056,0.104,0.56,766095
1629022,Lonnie Walker IV,0.687,0.455,0.313,0.36,0.566,0.375,0.398,0.384,0.078,0.086,0.043,0.198,0.161,0.119,0.205,0.286,0.083,0.28,0.606,2019706
1629652,Luguentz Dort,0.94,0.749,0.313,0.352,0.586,0.417,0.424,0.394,0.157,0.172,0.196,0.267,0.263,0.128,0.205,0.429,0.167,0.314,0.806,15277778
1629029,Luka Doncic,0.831,0.992,1.0,1.0,0.652,0.854,0.898,0.382,0.667,0.75,0.174,0.832,0.672,0.899,0.909,0.667,0.139,0.977,0.815,
1630568,Luka Garza,0.289,0.12,0.122,0.127,0.643,0.083,0.11,0.281,0.069,0.086,0.174,0.05,0.088,0.018,0.045,0.095,0.0,0.115,0.616,127683
1629677,Luka Samanic,0.506,0.241,0.122,0.157,0.509,0.062,0.127,0.203,0.098,0.112,0.109,0.188,0.175,0.037,0.159,0.048,0.056,0.118,0.546,
1628379,Luke Kennard,0.458,0.674,0.313,0.343,0.6,0.563,0.517,0.45,0.098,0.103,0.065,0.257,0.212,0.321,0.318,0.238,0.028,0.317,0.38,14763636
1628436,Luke Kornet,0.747,0.406,0.2,0.136,0.937,0.0,0.0,1.0,0.078,0.078,0.413,0.228,0.299,0.101,0.068,0.19,0.278,0.153,0.764,2413304
1630201,Malachi Flynn,0.819,0.329,0.174,0.199,0.56,0.167,0.203,0.331,0.078,0.086,0.065,0.129,0.124,0.174,0.205,0.286,0.028,0.159,0.481,3873025
1631103,Malaki Branham,0.892,0.559,0.313,0.356,0.578,0.25,0.305,0.347,0.069,0.069,0.087,0.158,0.146,0.193,0.273,0.19,0.028,0.265,0.37,3071880
1627763,Malcolm Brogdon,0.458,0.757,0.487,0.538,0.589,0.438,0.432,0.412,0.235,0.259,0.152,0.307,0.277,0.505,0.341,0.333,0.056,0.452,0.505,22500000
1630608,Malcolm Cazalon,0.0,0.059,0.0,0.0,0.0,0.0,0.0,0.0,0.0,0.0,0.0,0.0,0.0,0.0,0.0,0.0,0.0,0.0,0.833,
1627736,Malik Beasley,0.94,0.781,0.357,0.386,0.593,0.583,0.585,0.413,0.029,0.034,0.109,0.317,0.27,0.128,0.159,0.333,0.028,0.326,0.773,2019706
1628370,Malik Monk,0.855,0.684,0.478,0.525,0.593,0.438,0.5,0.35,0.235,0.241,0.087,0.257,0.212,0.468,0.477,0.286,0.139,0.444,0.606,9945830
1642013,Malik Williams,0.072,0.396,0.113,0.208,0.355,0.021,0.059,0.2,0.0,0.026,0.457,0.327,0.394,0.028,0.091,0.19,0.167,0.078,0.231,77212
1629603,Mamadi Diakite,0.06,0.099,0.061,0.042,0.893,0.0,0.017,0.0,0.069,0.086,0.043,0.05,0.051,0.028,0.045,0.095,0.056,0.058,0.625,368600
1641970,Maozinha Pereira,0.072,0.455,0.226,0.212,0.688,0.146,0.161,0.385,0.098,0.121,0.348,0.366,0.387,0.028,0.159,0.429,0.167,0.199,0.662,
1630699,MarJon Beauchamp,0.566,0.329,0.148,0.148,0.653,0.125,0.136,0.4,0.039,0.052,0.109,0.158,0.153,0.055,0.136,0.143,0.028,0.127,0.588,2609400
202694,Marcus Morris Sr.,0.578,0.436,0.209,0.229,0.588,0.208,0.203,0.403,0.069,0.078,0.109,0.228,0.197,0.064,0.136,0.143,0.083,0.184,0.546,
1631204,Marcus Sasser,0.843,0.497,0.27,0.305,0.573,0.271,0.288,0.375,0.078,0.078,0.043,0.158,0.131,0.303,0.295,0.286,0.056,0.239,0.44,2624040
203935,Marcus Smart,0.229,0.797,0.443,0.504,0.576,0.438,0.568,0.313,0.216,0.241,0.065,0.238,0.197,0.394,0.705,1.0,0.083,0.418,0.556,18833713
1631109,Mark Williams,0.217,0.706,0.452,0.335,0.869,0.0,0.0,0.0,0.235,0.293,0.87,0.564,0.708,0.11,0.205,0.381,0.306,0.366,0.551,3908160
1628365,Markelle Fultz,0.506,0.556,0.313,0.322,0.632,0.021,0.034,0.222,0.049,0.069,0.283,0.188,0.234,0.257,0.273,0.476,0.083,0.225,0.616,17000000
202693,Markieff Morris,0.301,0.211,0.078,0.11,0.452,0.125,0.136,0.357,0.02,0.017,0.043,0.129,0.109,0.055,0.114,0.095,0.028,0.072,0.5,2019706
1641806,Markquis Nowell,0.0,0.083,0.0,0.042,0.0,0.0,0.0,0.0,0.196,0.172,0.435,0.0,0.146,0.183,0.0,0.476,0.0,0.058,0.787,
1629716,Marques Bolden,0.12,0.283,0.13,0.097,0.91,0.0,0.008,0.0,0.029,0.034,0.196,0.218,0.226,0.037,0.068,0.143,0.167,0.098,0.532,
1628963,Marvin Bagley III,0.59,0.553,0.417,0.347,0.784,0.042,0.042,0.391,0.186,0.216,0.565,0.356,0.453,0.101,0.273,0.19,0.194,0.337,0.477,12500000
1630222,Mason Jones,0.048,0.136,0.035,0.068,0.335,0.083,0.119,0.286,0.02,0.034,0.043,0.079,0.073,0.092,0.091,0.095,0.0,0.04,0.537,
203486,Mason Plumlee,0.542,0.382,0.165,0.14,0.762,0.0,0.008,0.0,0.147,0.19,0.283,0.376,0.372,0.11,0.182,0.143,0.111,0.153,0.611,5000000
1629680,Matisse Thybulle,0.771,0.602,0.165,0.208,0.531,0.25,0.305,0.346,0.029,0.034,0.109,0.158,0.153,0.128,0.136,0.81,0.222,0.156,0.435,10500000
1630562,Matt Hurt,0.084,0.369,0.13,0.182,0.473,0.125,0.212,0.25,0.039,0.034,0.239,0.089,0.146,0.046,0.068,0.19,0.111,0.115,0.532,
1630346,Matt Ryan,0.325,0.361,0.157,0.169,0.581,0.312,0.28,0.451,0.049,0.043,0.043,0.119,0.102,0.055,0.159,0.095,0.0,0.156,0.625,1500000
1631108,Max Christie,0.795,0.366,0.13,0.153,0.572,0.125,0.153,0.356,0.049,0.06,0.043,0.188,0.153,0.083,0.114,0.143,0.083,0.121,0.588,1719864
1629622,Max Strus,0.831,0.845,0.374,0.441,0.56,0.5,0.576,0.351,0.108,0.121,0.196,0.386,0.35,0.367,0.364,0.429,0.111,0.352,0.769,14487684
1628467,Maxi Kleber,0.506,0.532,0.13,0.144,0.578,0.146,0.178,0.348,0.078,0.095,0.152,0.257,0.241,0.147,0.159,0.19,0.194,0.127,0.736,11000000
1641721,Maxwell Lewis,0.398,0.07,0.009,0.025,0.254,0.0,0.025,0.111,0.01,0.009,0.022,0.01,0.007,0.018,0.068,0.048,0.0,0.009,0.505,1119563
1630695,Micah Potter,0.181,0.299,0.104,0.106,0.636,0.125,0.11,0.429,0.039,0.043,0.13,0.208,0.197,0.037,0.068,0.143,0.111,0.095,0.519,
1629008,Michael Porter Jr.,0.964,0.837,0.557,0.564,0.648,0.563,0.576,0.397,0.108,0.121,0.283,0.564,0.511,0.138,0.25,0.238,0.194,0.481,0.87,33386850
1628969,Mikal Bridges,0.976,0.92,0.6,0.669,0.584,0.563,0.61,0.372,0.304,0.336,0.174,0.366,0.328,0.33,0.455,0.476,0.111,0.565,0.495,21700000
201144,Mike Conley,0.904,0.762,0.339,0.36,0.612,0.5,0.449,0.442,0.127,0.129,0.109,0.238,0.212,0.541,0.295,0.571,0.056,0.329,0.769,24360000
203488,Mike Muscala,0.627,0.291,0.096,0.123,0.481,0.104,0.153,0.292,0.029,0.043,0.152,0.158,0.175,0.064,0.091,0.095,0.056,0.086,0.523,4010730
1628970,Miles Bridges,0.819,0.989,0.704,0.742,0.618,0.479,0.551,0.349,0.245,0.267,0.217,0.624,0.533,0.303,0.455,0.429,0.139,0.605,0.176,7921300
1630540,Miles McBride,0.807,0.511,0.261,0.284,0.605,0.333,0.331,0.41,0.059,0.06,0.109,0.099,0.109,0.156,0.091,0.333,0.028,0.239,0.593,1836096
1629011,Mitchell Robinson,0.361,0.652,0.209,0.174,0.77,0.0,0.0,0.0,0.088,0.181,1.0,0.386,0.62,0.055,0.182,0.571,0.306,0.161,0.62,15681818
1628964,Mo Bamba,0.675,0.337,0.148,0.148,0.656,0.083,0.093,0.391,0.059,0.078,0.304,0.277,0.307,0.064,0.159,0.19,0.306,0.127,0.565,2019706
1628420,Monte Morris,0.386,0.374,0.165,0.195,0.542,0.167,0.178,0.386,0.039,0.052,0.043,0.149,0.124,0.193,0.045,0.286,0.083,0.144,0.722,9800926
1629021,Moritz Wagner,0.952,0.463,0.365,0.292,0.805,0.104,0.119,0.33,0.206,0.224,0.326,0.287,0.314,0.11,0.273,0.238,0.083,0.314,0.657,8000000
1629650,Moses Brown,0.253,0.233,0.13,0.127,0.68,0.0,0.0,0.0,0.039,0.121,0.37,0.218,0.285,0.028,0.114,0.095,0.083,0.098,0.477,2019706
1630541,Moses Moody,0.783,0.457,0.252,0.271,0.618,0.229,0.254,0.36,0.108,0.121,0.217,0.198,0.219,0.083,0.159,0.286,0.111,0.233,0.671,3918480
1631338,Mouhamadou Gueye,0.12,0.281,0.087,0.148,0.387,0.0,0.025,0.0,0.039,0.069,0.239,0.099,0.153,0.046,0.25,0.143,0.444,0.069,0.264,
1631243,Mouhamed Gueye,0.06,0.313,0.113,0.161,0.466,0.104,0.127,0.333,0.078,0.086,0.37,0.198,0.27,0.064,0.045,0.381,0.194,0.115,0.287,1119563
1631217,Moussa Diabate,0.12,0.144,0.078,0.072,0.704,0.0,0.0,0.0,0.078,0.112,0.304,0.079,0.161,0.037,0.045,0.238,0.028,0.075,0.593,
1626167,Myles Turner,0.916,0.711,0.539,0.5,0.701,0.312,0.356,0.358,0.314,0.353,0.326,0.545,0.504,0.119,0.318,0.238,0.528,0.493,0.736,20975000
1630230,Naji Marshall,0.783,0.497,0.226,0.237,0.62,0.188,0.195,0.387,0.098,0.112,0.174,0.277,0.263,0.174,0.227,0.333,0.056,0.205,0.745,1930681
1629642,Nassir Little,0.53,0.262,0.113,0.119,0.616,0.104,0.136,0.3,0.039,0.034,0.065,0.139,0.124,0.046,0.068,0.095,0.056,0.098,0.509,6250000
1630207,Nate Hinton,0.169,0.123,0.061,0.072,0.566,0.104,0.076,0.5,0.029,0.026,0.109,0.099,0.109,0.064,0.045,0.095,0.028,0.063,0.644,
1631466,Nate Williams,0.253,0.147,0.104,0.097,0.723,0.021,0.017,0.4,0.029,0.052,0.109,0.05,0.073,0.028,0.045,0.095,0.0,0.084,0.648,
1641877,Nathan Mensah,0.289,0.318,0.043,0.047,0.574,0.0,0.0,0.0,0.039,0.043,0.261,0.139,0.19,0.037,0.136,0.095,0.167,0.037,0.356,
1629675,Naz Reid,0.964,0.636,0.435,0.445,0.639,0.438,0.424,0.414,0.127,0.155,0.196,0.426,0.38,0.119,0.318,0.381,0.25,0.389,0.745,12950400
1629674,Neemias Queta,0.325,0.307,0.209,0.157,0.862,0.0,0.0,0.0,0.069,0.086,0.413,0.248,0.321,0.064,0.114,0.238,0.222,0.159,0.824,331253
1629651,Nic Claxton,0.843,0.786,0.452,0.347,0.842,0.0,0.008,0.2,0.147,0.241,0.587,0.713,0.723,0.193,0.295,0.286,0.583,0.34,0.421,9625000
1630208,Nick Richards,0.795,0.69,0.339,0.237,0.925,0.0,0.0,0.0,0.196,0.233,0.565,0.545,0.584,0.073,0.25,0.19,0.306,0.28,0.306,5000000
1641733,Nick Smith Jr.,0.602,0.372,0.191,0.242,0.523,0.25,0.246,0.432,0.029,0.026,0.087,0.109,0.102,0.11,0.182,0.095,0.028,0.17,0.426,2463960
1629638,Nickeil Alexander-Walker,0.976,0.615,0.252,0.28,0.588,0.333,0.347,0.391,0.059,0.069,0.087,0.158,0.146,0.229,0.205,0.381,0.139,0.231,0.778,4687500
201587,Nicolas Batum,0.711,0.671,0.165,0.182,0.606,0.25,0.263,0.395,0.029,0.034,0.261,0.297,0.299,0.193,0.159,0.381,0.167,0.153,0.741,11710818
203999,Nikola Jokic,0.94,0.914,0.904,0.758,0.78,0.229,0.246,0.359,0.441,0.474,0.609,0.941,0.905,0.826,0.682,0.667,0.25,0.761,1.0,47607350
1631107,Nikola Jovic,0.542,0.511,0.243,0.258,0.605,0.292,0.297,0.399,0.069,0.086,0.109,0.356,0.307,0.183,0.205,0.238,0.083,0.222,0.75,2352000
202696,Nikola Vucevic,0.904,0.906,0.67,0.674,0.648,0.25,0.347,0.294,0.137,0.147,0.609,0.772,0.766,0.303,0.364,0.333,0.222,0.519,0.491,
1641730,Noah Clowney,0.265,0.42,0.191,0.169,0.72,0.104,0.119,0.364,0.088,0.112,0.239,0.238,0.255,0.073,0.159,0.143,0.194,0.167,0.495,3089520
1626181,Norman Powell,0.904,0.69,0.426,0.428,0.651,0.458,0.432,0.435,0.186,0.198,0.043,0.238,0.19,0.101,0.205,0.286,0.083,0.401,0.731,18000000
1628384,OG Anunoby,0.59,0.898,0.487,0.487,0.655,0.417,0.449,0.382,0.127,0.155,0.196,0.317,0.307,0.193,0.364,0.667,0.194,0.424,0.963,18642857
1630167,Obi Toppin,0.976,0.553,0.348,0.301,0.767,0.25,0.263,0.403,0.088,0.103,0.217,0.287,0.285,0.147,0.182,0.286,0.139,0.297,0.681,6803012
1630534,Ochai Agbaji,0.928,0.551,0.2,0.237,0.55,0.167,0.229,0.294,0.049,0.06,0.196,0.178,0.204,0.101,0.182,0.286,0.167,0.167,0.454,4114200
1630846,Olivier Sarr,0.169,0.163,0.061,0.055,0.775,0.021,0.034,0.333,0.069,0.086,0.152,0.168,0.175,0.009,0.045,0.0,0.139,0.066,0.606,
1641765,Olivier-Maxence Prosper,0.47,0.214,0.087,0.11,0.515,0.062,0.093,0.289,0.069,0.086,0.13,0.139,0.146,0.055,0.045,0.095,0.028,0.086,0.5,2733720
1630209,Omer Yurtseven,0.566,0.294,0.183,0.161,0.72,0.021,0.042,0.208,0.039,0.052,0.326,0.277,0.314,0.055,0.182,0.095,0.111,0.133,0.472,2800000
1641931,Onuralp Bitim,0.265,0.302,0.122,0.157,0.51,0.104,0.161,0.273,0.02,0.017,0.065,0.109,0.102,0.055,0.091,0.048,0.028,0.101,0.509,500000
1630168,Onyeka Okongwu,0.651,0.671,0.357,0.28,0.818,0.083,0.11,0.333,0.167,0.181,0.565,0.416,0.496,0.119,0.182,0.238,0.306,0.294,0.574,8109063
1631115,Orlando Robinson,0.422,0.214,0.087,0.085,0.669,0.042,0.034,0.533,0.049,0.06,0.174,0.158,0.168,0.083,0.114,0.095,0.056,0.081,0.616,1801769
1631131,Oscar Tshiebwe,0.084,0.128,0.113,0.106,0.669,0.0,0.0,0.0,0.078,0.086,0.217,0.099,0.146,0.028,0.0,0.143,0.028,0.095,0.685,
1629052,Oshae Brissett,0.651,0.297,0.104,0.119,0.594,0.062,0.085,0.273,0.088,0.129,0.239,0.178,0.212,0.073,0.091,0.143,0.028,0.107,0.699,2165000
203490,Otto Porter Jr.,0.169,0.299,0.078,0.093,0.568,0.104,0.127,0.348,0.02,0.017,0.087,0.149,0.139,0.046,0.023,0.143,0.083,0.075,0.671,6300000
1631172,Ousmane Dieng,0.386,0.286,0.13,0.148,0.565,0.125,0.178,0.3,0.039,0.043,0.065,0.119,0.109,0.101,0.136,0.095,0.056,0.115,0.602,4798440
200782,P.J. Tucker,0.361,0.409,0.052,0.068,0.482,0.083,0.093,0.371,0.01,0.009,0.196,0.178,0.197,0.046,0.068,0.238,0.056,0.049,0.565,11014500
1629023,P.J. Washington,0.867,0.802,0.417,0.47,0.584,0.375,0.483,0.32,0.137,0.172,0.261,0.446,0.409,0.174,0.295,0.476,0.222,0.372,0.519,16847826
1631094,Paolo Banchero,0.952,0.925,0.696,0.746,0.609,0.312,0.373,0.339,0.5,0.603,0.217,0.584,0.504,0.495,0.705,0.429,0.167,0.651,0.602,11608080
1627783,Pascal Siakam,0.952,0.877,0.739,0.674,0.718,0.229,0.263,0.346,0.353,0.431,0.37,0.525,0.518,0.394,0.409,0.381,0.083,0.625,0.667,37893408
1626192,Pat Connaughton,0.904,0.58,0.174,0.195,0.582,0.229,0.263,0.345,0.059,0.069,0.152,0.248,0.226,0.193,0.136,0.238,0.083,0.161,0.593,9423869
1630311,Pat Spencer,0.06,0.104,0.026,0.03,0.669,0.0,0.025,0.0,0.0,0.0,0.065,0.03,0.051,0.073,0.045,0.0,0.0,0.02,0.556,
1631116,Patrick Baldwin Jr.,0.446,0.337,0.139,0.174,0.51,0.167,0.22,0.32,0.049,0.06,0.087,0.277,0.234,0.073,0.114,0.238,0.111,0.127,0.574,2337720
201976,Patrick Beverley,0.867,0.524,0.191,0.22,0.558,0.167,0.212,0.337,0.098,0.103,0.152,0.257,0.241,0.266,0.205,0.286,0.111,0.179,0.565,2019706
1630172,Patrick Williams,0.506,0.719,0.322,0.352,0.593,0.292,0.288,0.399,0.118,0.129,0.239,0.277,0.285,0.138,0.295,0.429,0.222,0.288,0.588,9835881
201988,Patty Mills,0.373,0.337,0.122,0.174,0.47,0.167,0.229,0.276,0.029,0.026,0.065,0.079,0.08,0.101,0.114,0.286,0.0,0.115,0.611,7267250
202331,Paul George,0.88,0.893,0.687,0.708,0.631,0.688,0.669,0.413,0.353,0.336,0.109,0.465,0.38,0.321,0.477,0.714,0.139,0.651,0.889,45640084
1630194,Paul Reed,0.976,0.508,0.278,0.25,0.723,0.062,0.059,0.368,0.069,0.086,0.522,0.356,0.438,0.119,0.182,0.381,0.278,0.21,0.657,7723000
1630202,Payton Pritchard,0.976,0.586,0.313,0.326,0.627,0.375,0.398,0.385,0.059,0.06,0.196,0.238,0.234,0.312,0.159,0.238,0.028,0.277,0.856,4037277
1631250,Pete Nance,0.084,0.08,0.009,0.034,0.224,0.021,0.008,1.0,0.0,0.026,0.0,0.04,0.029,0.0,0.023,0.048,0.0,0.012,0.468,64343
1631212,Peyton Watson,0.952,0.487,0.226,0.237,0.622,0.125,0.161,0.296,0.088,0.112,0.152,0.248,0.234,0.101,0.159,0.238,0.306,0.193,0.56,2303520
1630173,Precious Achiuwa,0.88,0.575,0.278,0.267,0.671,0.083,0.11,0.268,0.088,0.129,0.565,0.396,0.482,0.119,0.25,0.286,0.25,0.219,0.574,4379527
1629656,Quentin Grimes,0.602,0.527,0.209,0.271,0.498,0.333,0.398,0.338,0.069,0.078,0.065,0.168,0.146,0.119,0.114,0.333,0.028,0.202,0.565,2385720
1631245,Quenton Jackson,0.024,0.083,0.0,0.013,0.0,0.0,0.0,0.0,0.069,0.06,0.0,0.129,0.095,0.064,0.0,0.143,0.0,0.02,0.602,
1630181,R.J. Hampton,0.084,0.243,0.043,0.076,0.383,0.021,0.085,0.125,0.01,0.026,0.065,0.05,0.058,0.092,0.091,0.0,0.0,0.037,0.722,
1629628,RJ Barrett,0.687,0.837,0.652,0.644,0.663,0.333,0.364,0.36,0.353,0.431,0.196,0.446,0.394,0.303,0.5,0.238,0.111,0.582,0.481,23883929
1630564,RaiQuan Gray,0.024,0.337,0.287,0.242,0.787,0.208,0.195,0.429,0.0,0.0,0.152,0.168,0.168,0.183,0.068,0.143,0.083,0.222,0.819,
1641712,Rayan Rupert,0.458,0.422,0.122,0.174,0.448,0.146,0.169,0.359,0.049,0.052,0.13,0.168,0.175,0.147,0.182,0.143,0.028,0.115,0.454,1119563
203493,Reggie Bullock Jr.,0.518,0.243,0.07,0.081,0.556,0.125,0.127,0.403,0.0,0.0,0.022,0.149,0.124,0.028,0.045,0.143,0.028,0.063,0.546,
202704,Reggie Jackson,0.976,0.583,0.348,0.39,0.577,0.25,0.297,0.359,0.098,0.103,0.087,0.149,0.139,0.349,0.295,0.238,0.028,0.294,0.648,5000000
1626158,Richaun Holmes,0.47,0.361,0.183,0.157,0.747,0.0,0.008,0.333,0.088,0.103,0.391,0.277,0.336,0.055,0.136,0.143,0.139,0.144,0.495,12046020
1641741,Ricky Council IV,0.373,0.23,0.148,0.148,0.645,0.083,0.085,0.375,0.167,0.19,0.087,0.099,0.102,0.046,0.045,0.143,0.0,0.156,0.62,864353
203496,Robert Covington,0.337,0.439,0.13,0.144,0.588,0.146,0.161,0.339,0.078,0.078,0.239,0.228,0.241,0.073,0.091,0.619,0.167,0.127,0.769,11692308
1629057,Robert Williams III,0.06,0.519,0.243,0.182,0.876,0.0,0.0,0.0,0.118,0.129,0.391,0.446,0.46,0.073,0.273,0.571,0.333,0.196,0.37,
201577,Robin Lopez,0.181,0.096,0.035,0.051,0.493,0.021,0.042,0.25,0.01,0.009,0.043,0.01,0.022,0.028,0.023,0.048,0.056,0.032,0.537,2019706
1631199,Ron Harper Jr.,0.0,0.088,0.0,0.0,0.0,0.0,0.0,0.0,0.0,0.0,0.0,0.0,0.0,0.092,0.0,0.0,0.0,0.0,0.185,
1626220,Royce O'Neale,0.94,0.65,0.235,0.288,0.531,0.417,0.449,0.37,0.029,0.034,0.174,0.396,0.35,0.257,0.205,0.333,0.167,0.222,0.671,9500000
203497,Rudy Gobert,0.904,0.901,0.461,0.343,0.885,0.0,0.0,0.0,0.324,0.44,0.826,0.911,0.942,0.119,0.364,0.333,0.583,0.403,0.852,41000000
1629060,Rui Hachimura,0.807,0.706,0.461,0.419,0.719,0.292,0.288,0.422,0.147,0.172,0.196,0.347,0.314,0.11,0.159,0.286,0.111,0.392,0.685,15740741
201566,Russell Westbrook,0.807,0.591,0.383,0.415,0.608,0.125,0.195,0.273,0.157,0.207,0.304,0.366,0.365,0.413,0.477,0.524,0.083,0.32,0.671,3835738
1627853,Ryan Arcidiacono,0.229,0.051,0.0,0.013,0.0,0.0,0.025,0.0,0.0,0.0,0.0,0.04,0.029,0.018,0.023,0.048,0.0,0.0,0.606,2019706
1631157,Ryan Rollins,0.145,0.15,0.096,0.089,0.695,0.042,0.025,0.75,0.098,0.112,0.043,0.079,0.073,0.101,0.136,0.381,0.056,0.098,0.824,1719864
1630240,Saben Lee,0.277,0.195,0.07,0.097,0.487,0.021,0.059,0.125,0.118,0.138,0.087,0.089,0.095,0.119,0.068,0.143,0.028,0.086,0.63,
1630180,Saddiq Bey,0.747,0.864,0.4,0.47,0.557,0.375,0.483,0.316,0.265,0.276,0.587,0.386,0.474,0.138,0.205,0.381,0.056,0.395,0.588,4556983
1630573,Sam Hauser,0.94,0.578,0.278,0.301,0.597,0.521,0.5,0.424,0.02,0.017,0.13,0.287,0.255,0.092,0.091,0.238,0.083,0.259,0.889,1927896
1630241,Sam Merrill,0.723,0.457,0.226,0.271,0.538,0.479,0.492,0.404,0.039,0.043,0.087,0.158,0.146,0.165,0.068,0.143,0.028,0.231,0.625,1997238
1630572,Sandro Mamukelashvili,0.542,0.251,0.139,0.144,0.631,0.083,0.119,0.297,0.049,0.06,0.217,0.218,0.234,0.101,0.091,0.095,0.083,0.118,0.648,2019706
1630583,Santi Aldama,0.723,0.698,0.348,0.394,0.582,0.354,0.424,0.349,0.088,0.121,0.261,0.455,0.423,0.211,0.25,0.333,0.25,0.308,0.394,2194200
1628426,Sasha Vezenkov,0.494,0.316,0.174,0.191,0.589,0.229,0.246,0.375,0.029,0.034,0.152,0.158,0.168,0.046,0.068,0.238,0.056,0.156,0.602,6341464
1630703,Scoot Henderson,0.735,0.751,0.435,0.547,0.515,0.292,0.364,0.325,0.265,0.284,0.196,0.228,0.226,0.495,0.773,0.381,0.056,0.403,0.231,9770880
1630567,Scottie Barnes,0.711,0.922,0.652,0.665,0.636,0.354,0.415,0.341,0.324,0.362,0.522,0.584,0.599,0.56,0.636,0.619,0.417,0.573,0.491,8008680
1630590,Scotty Pippen Jr.,0.241,0.66,0.417,0.411,0.66,0.292,0.288,0.417,0.196,0.224,0.217,0.208,0.234,0.431,0.614,0.81,0.139,0.372,0.444,
203552,Seth Curry,0.518,0.364,0.157,0.195,0.525,0.188,0.212,0.352,0.059,0.06,0.087,0.109,0.109,0.092,0.114,0.238,0.028,0.147,0.667,4000000
1641754,Seth Lundy,0.096,0.144,0.035,0.081,0.315,0.062,0.119,0.231,0.029,0.034,0.022,0.069,0.058,0.0,0.023,0.0,0.0,0.046,0.537,
1631101,Shaedon Sharpe,0.373,0.874,0.478,0.576,0.544,0.396,0.475,0.333,0.304,0.319,0.283,0.366,0.365,0.266,0.523,0.429,0.111,0.458,0.245,6313800
1628983,Shai Gilgeous-Alexander,0.892,0.898,0.922,0.839,0.716,0.271,0.305,0.353,0.745,0.75,0.196,0.465,0.401,0.569,0.5,0.952,0.25,0.867,0.981,33386850
1629003,Shake Milton,0.566,0.313,0.139,0.174,0.542,0.083,0.11,0.281,0.078,0.086,0.065,0.129,0.117,0.119,0.136,0.19,0.028,0.13,0.556,5475908
1627885,Shaquille Harrison,0.024,0.043,0.026,0.03,0.669,0.0,0.0,0.0,0.0,0.0,0.0,0.069,0.051,0.0,0.0,0.0,0.083,0.02,0.431,
1631321,Sidy Cissoko,0.133,0.302,0.113,0.119,0.649,0.021,0.085,0.083,0.098,0.112,0.152,0.119,0.131,0.073,0.068,0.286,0.083,0.11,0.699,1119563
1631323,Simone Fontecchio,0.783,0.655,0.33,0.352,0.616,0.417,0.432,0.401,0.078,0.086,0.217,0.277,0.27,0.138,0.227,0.333,0.083,0.303,0.583,3044872
1630219,Skylar Mays,0.446,0.294,0.148,0.178,0.53,0.083,0.119,0.296,0.029,0.034,0.065,0.089,0.08,0.202,0.114,0.286,0.028,0.118,0.477,1799163
203915,Spencer Dinwiddie,0.904,0.746,0.287,0.356,0.525,0.333,0.407,0.337,0.216,0.241,0.087,0.228,0.197,0.431,0.273,0.333,0.083,0.303,0.644,21911797
1630649,Stanley Umude,0.277,0.332,0.13,0.148,0.589,0.208,0.186,0.453,0.118,0.112,0.065,0.178,0.153,0.046,0.136,0.143,0.083,0.153,0.458,538460
201939,Stephen Curry,0.88,0.864,0.765,0.826,0.602,1.0,1.0,0.408,0.392,0.379,0.109,0.396,0.328,0.468,0.636,0.333,0.111,0.761,0.722,51915615
1629004,Svi Mykhailiuk,0.482,0.259,0.122,0.14,0.557,0.208,0.22,0.389,0.01,0.017,0.065,0.099,0.088,0.083,0.068,0.143,0.0,0.115,0.769,2019706
204456,T.J. McConnell,0.843,0.476,0.4,0.356,0.744,0.062,0.051,0.409,0.069,0.078,0.109,0.218,0.197,0.505,0.341,0.476,0.028,0.294,0.662,8700000
203933,T.J. Warren,0.12,0.291,0.139,0.157,0.588,0.042,0.102,0.154,0.029,0.034,0.109,0.149,0.146,0.073,0.091,0.19,0.028,0.107,0.815,452693
201959,Taj Gibson,0.229,0.262,0.07,0.081,0.542,0.021,0.042,0.2,0.01,0.009,0.13,0.129,0.139,0.055,0.068,0.095,0.111,0.049,0.532,2961636
1629659,Talen Horton-Tucker,0.602,0.519,0.313,0.386,0.53,0.25,0.305,0.33,0.167,0.181,0.087,0.198,0.175,0.321,0.295,0.429,0.111,0.291,0.505,11020000
1631106,Tari Eason,0.253,0.572,0.348,0.364,0.624,0.167,0.195,0.36,0.098,0.129,0.457,0.485,0.511,0.11,0.205,0.667,0.25,0.282,0.787,3527160
1627752,Taurean Prince,0.928,0.711,0.278,0.309,0.592,0.375,0.39,0.396,0.059,0.078,0.065,0.267,0.212,0.138,0.205,0.333,0.111,0.256,0.532,4516000
1641707,Taylor Hendricks,0.47,0.561,0.235,0.254,0.602,0.271,0.297,0.379,0.059,0.06,0.261,0.347,0.336,0.073,0.159,0.333,0.222,0.21,0.426,5569920
1631386,Taze Moore,0.036,0.259,0.174,0.203,0.564,0.062,0.153,0.143,0.029,0.043,0.217,0.099,0.146,0.119,0.182,0.238,0.0,0.13,0.347,64343
1629611,Terance Mann,0.892,0.658,0.296,0.28,0.689,0.188,0.229,0.348,0.108,0.112,0.261,0.218,0.248,0.147,0.136,0.286,0.056,0.254,0.634,10576923
1631173,Terquavion Smith,0.181,0.131,0.096,0.123,0.523,0.167,0.186,0.371,0.02,0.026,0.0,0.03,0.022,0.073,0.091,0.238,0.0,0.095,0.583,
1626179,Terry Rozier,0.723,0.882,0.626,0.695,0.593,0.5,0.568,0.363,0.275,0.276,0.13,0.347,0.292,0.514,0.386,0.476,0.083,0.571,0.38,23205221
1630678,Terry Taylor,0.361,0.152,0.052,0.055,0.687,0.021,0.025,0.222,0.01,0.017,0.109,0.059,0.088,0.028,0.045,0.095,0.028,0.043,0.625,2019706
201152,Thaddeus Young,0.386,0.345,0.174,0.14,0.806,0.0,0.017,0.143,0.02,0.043,0.304,0.168,0.226,0.156,0.114,0.333,0.056,0.121,0.546,8638413
203648,Thanasis Antetokounmpo,0.398,0.112,0.043,0.038,0.714,0.0,0.0,0.0,0.0,0.009,0.043,0.02,0.029,0.046,0.091,0.095,0.028,0.026,0.546,2019706
1630177,Theo Maledon,0.193,0.324,0.104,0.174,0.383,0.062,0.153,0.167,0.078,0.078,0.043,0.119,0.102,0.147,0.25,0.19,0.0,0.101,0.426,
1628418,Thomas Bryant,0.446,0.299,0.2,0.165,0.772,0.021,0.051,0.182,0.108,0.103,0.239,0.267,0.27,0.055,0.136,0.143,0.111,0.164,0.616,2528233
203501,Tim Hardaway Jr.,0.94,0.706,0.435,0.525,0.538,0.563,0.644,0.353,0.176,0.181,0.065,0.287,0.234,0.165,0.205,0.238,0.028,0.415,0.611,17897728
1641851,Timmy Allen,0.048,0.66,0.104,0.195,0.349,0.0,0.119,0.0,0.02,0.034,0.174,0.257,0.248,0.092,0.091,0.381,0.0,0.075,0.0,
202699,Tobias Harris,0.831,0.893,0.574,0.576,0.652,0.271,0.314,0.353,0.265,0.259,0.239,0.525,0.474,0.284,0.295,0.476,0.194,0.496,0.75,39270150
1628470,Torrey Craig,0.627,0.519,0.174,0.199,0.576,0.229,0.246,0.392,0.049,0.06,0.283,0.277,0.299,0.101,0.136,0.286,0.111,0.164,0.444,2528233
1641787,Tosan Evbuomwan,0.193,0.567,0.183,0.178,0.679,0.146,0.161,0.375,0.098,0.129,0.239,0.248,0.255,0.083,0.114,0.19,0.083,0.17,0.255,135120
1641739,Toumani Camara,0.831,0.652,0.243,0.267,0.602,0.167,0.212,0.337,0.108,0.121,0.435,0.287,0.358,0.11,0.273,0.429,0.139,0.216,0.477,1119563
1629027,Trae Young,0.639,0.952,0.696,0.792,0.576,0.667,0.737,0.373,0.627,0.647,0.087,0.228,0.204,0.991,1.0,0.619,0.056,0.741,0.505,40064220
1631218,Trayce Jackson-Davis,0.807,0.433,0.296,0.208,0.94,0.0,0.0,0.0,0.108,0.164,0.435,0.297,0.365,0.11,0.159,0.19,0.306,0.228,0.625,1119563
1630200,Tre Jones,0.916,0.733,0.339,0.331,0.676,0.167,0.212,0.335,0.127,0.129,0.174,0.297,0.277,0.569,0.341,0.476,0.028,0.288,0.588,9895833
1630544,Tre Mann,0.482,0.634,0.304,0.326,0.614,0.229,0.263,0.373,0.108,0.121,0.109,0.307,0.263,0.367,0.364,0.571,0.028,0.268,0.458,3191400
1630570,Trendon Watford,0.747,0.353,0.226,0.208,0.705,0.083,0.093,0.397,0.118,0.129,0.174,0.228,0.226,0.119,0.227,0.19,0.083,0.199,0.546,2019706
1630235,Trent Forrest,0.446,0.281,0.078,0.102,0.506,0.021,0.025,0.2,0.029,0.034,0.065,0.109,0.095,0.22,0.114,0.143,0.028,0.063,0.486,533945
1630243,Trevelin Queen,0.157,0.305,0.087,0.114,0.493,0.042,0.102,0.176,0.059,0.078,0.043,0.119,0.102,0.119,0.114,0.238,0.111,0.084,0.574,
1641998,Trey Jemison,0.289,0.604,0.261,0.229,0.738,0.0,0.0,0.0,0.078,0.086,0.565,0.277,0.394,0.101,0.318,0.238,0.306,0.196,0.398,
1626168,Trey Lyles,0.687,0.524,0.217,0.233,0.596,0.292,0.322,0.384,0.078,0.103,0.239,0.337,0.321,0.11,0.159,0.143,0.083,0.207,0.745,8000000
1630530,Trey Murphy III,0.675,0.783,0.417,0.462,0.593,0.625,0.661,0.38,0.216,0.224,0.152,0.416,0.358,0.202,0.136,0.429,0.139,0.427,0.815,3359280
202684,Tristan Thompson,0.578,0.289,0.13,0.102,0.821,0.0,0.0,0.0,0.029,0.095,0.326,0.208,0.263,0.092,0.136,0.095,0.083,0.095,0.588,2019706
1641774,Tristan Vukcevic,0.108,0.398,0.252,0.284,0.58,0.208,0.305,0.278,0.167,0.19,0.13,0.297,0.263,0.119,0.227,0.238,0.194,0.245,0.75,2424892
1628972,Troy Brown Jr.,0.699,0.364,0.122,0.161,0.498,0.167,0.203,0.333,0.049,0.052,0.087,0.198,0.175,0.092,0.114,0.19,0.028,0.121,0.5,4000000
1629660,Ty Jerome,0.012,0.187,0.087,0.085,0.669,0.0,0.042,0.0,0.0,0.0,0.109,0.0,0.036,0.138,0.114,0.0,0.0,0.058,0.278,2439025
1631102,TyTy Washington Jr.,0.12,0.126,0.043,0.076,0.402,0.042,0.042,0.333,0.0,0.0,0.022,0.04,0.036,0.046,0.045,0.143,0.0,0.037,0.546,2320440
1629639,Tyler Herro,0.494,0.885,0.67,0.742,0.59,0.646,0.669,0.396,0.225,0.224,0.109,0.475,0.387,0.413,0.5,0.333,0.028,0.599,0.634,27000000
1630169,Tyrese Haliburton,0.819,0.85,0.626,0.644,0.639,0.583,0.661,0.364,0.275,0.284,0.109,0.337,0.285,1.0,0.523,0.571,0.194,0.579,0.801,5808435
1630178,Tyrese Maxey,0.831,0.992,0.791,0.86,0.602,0.625,0.686,0.373,0.461,0.466,0.109,0.317,0.27,0.569,0.386,0.476,0.139,0.746,0.801,4343920
1626145,Tyus Jones,0.783,0.773,0.426,0.428,0.655,0.333,0.331,0.414,0.049,0.052,0.065,0.238,0.197,0.67,0.227,0.524,0.083,0.346,0.255,14000000
1628962,Udoka Azubuike,0.181,0.179,0.087,0.059,0.932,0.0,0.0,0.0,0.02,0.069,0.152,0.129,0.146,0.018,0.068,0.048,0.111,0.063,0.463,
1630586,Usman Garuba,0.06,0.07,0.017,0.042,0.224,0.0,0.017,0.0,0.02,0.026,0.109,0.069,0.088,0.018,0.068,0.095,0.139,0.014,0.519,2600008
203995,Vasilije Micic,0.711,0.513,0.235,0.263,0.576,0.146,0.22,0.279,0.098,0.112,0.043,0.119,0.109,0.404,0.386,0.238,0.028,0.202,0.546,7723000
1641705,Victor Wembanyama,0.843,0.783,0.678,0.708,0.622,0.375,0.466,0.325,0.402,0.448,0.5,0.832,0.774,0.358,0.841,0.571,1.0,0.617,0.509,12160680
1631246,Vince Williams Jr.,0.614,0.727,0.287,0.309,0.597,0.312,0.339,0.378,0.196,0.216,0.239,0.436,0.409,0.312,0.409,0.429,0.194,0.288,0.519,2232308
1630249,Vit Krejci,0.253,0.647,0.2,0.199,0.656,0.271,0.263,0.412,0.02,0.026,0.109,0.188,0.175,0.211,0.205,0.286,0.083,0.176,0.602,
1631117,Walker Kessler,0.759,0.612,0.313,0.233,0.876,0.021,0.025,0.211,0.088,0.129,0.565,0.485,0.547,0.083,0.227,0.238,0.667,0.233,0.495,2831160
1628976,Wendell Carter Jr.,0.651,0.674,0.357,0.326,0.703,0.25,0.263,0.374,0.167,0.207,0.435,0.485,0.504,0.156,0.273,0.286,0.139,0.317,0.644,13050000
1631111,Wendell Moore Jr.,0.289,0.07,0.035,0.03,0.669,0.0,0.017,0.0,0.0,0.0,0.0,0.05,0.036,0.018,0.045,0.095,0.0,0.02,0.593,2421720
1629117,Wenyen Gabriel,0.048,0.422,0.139,0.186,0.487,0.042,0.102,0.167,0.0,0.086,0.304,0.356,0.365,0.055,0.364,0.19,0.111,0.098,0.454,
202083,Wesley Matthews,0.422,0.297,0.078,0.114,0.47,0.146,0.161,0.348,0.049,0.06,0.065,0.119,0.109,0.055,0.045,0.19,0.083,0.089,0.514,2019706
1629875,Xavier Moon,0.157,0.217,0.096,0.14,0.436,0.021,0.102,0.118,0.01,0.009,0.13,0.069,0.095,0.138,0.091,0.095,0.056,0.069,0.481,
1630214,Xavier Tillman,0.639,0.471,0.191,0.22,0.581,0.083,0.127,0.247,0.039,0.078,0.283,0.257,0.285,0.128,0.136,0.429,0.222,0.153,0.551,
1629139,Yuta Watanabe,0.398,0.356,0.104,0.144,0.473,0.146,0.212,0.294,0.029,0.043,0.065,0.129,0.117,0.037,0.136,0.19,0.056,0.098,0.514,2346614
1628380,Zach Collins,0.819,0.58,0.374,0.377,0.648,0.167,0.22,0.32,0.176,0.198,0.37,0.366,0.394,0.257,0.432,0.238,0.222,0.323,0.338,7700000
203897,Zach LaVine,0.289,0.922,0.591,0.636,0.605,0.5,0.576,0.349,0.343,0.353,0.065,0.475,0.38,0.358,0.477,0.381,0.083,0.562,0.431,40064220
1630285,Zavier Simpson,0.072,0.607,0.209,0.326,0.422,0.146,0.203,0.294,0.039,0.052,0.13,0.228,0.212,0.33,0.318,0.476,0.111,0.173,0.412,
1630192,Zeke Nnaji,0.687,0.254,0.104,0.11,0.62,0.021,0.034,0.261,0.069,0.095,0.239,0.109,0.161,0.055,0.114,0.143,0.194,0.092,0.468,4306281
1630533,Ziaire Williams,0.602,0.532,0.252,0.314,0.531,0.229,0.314,0.307,0.118,0.129,0.152,0.277,0.255,0.138,0.295,0.333,0.056,0.236,0.38,4810200
1629627,Zion Williamson,0.831,0.832,0.774,0.661,0.763,0.021,0.025,0.333,0.49,0.612,0.37,0.406,0.423,0.459,0.636,0.524,0.194,0.66,0.694,34005250
